<?xml version="1.0"?>
<Level xmlns:xsi="http://www.w3.org/2001/XMLSchema-instance">
  <Infos>
    <Id>1</Id>
    <Background>world1</Background>
  </Infos>
  <Objective>
    <CelestialBodyToProtect>29</CelestialBodyToProtect>
  </Objective>
  <PlanetarySystem>
    <CelestialBody xsi:type="AsteroidBeltCBDescriptor">
      <Images>
        <string>Asteroid</string>
        <string>Meteoroid</string>
        <string>Centaur</string>
        <string>Trojan</string>
        <string>Comet</string>
        <string>Plutoid</string>
      </Images>
    </CelestialBody>
    <CelestialBody xsi:type="PlanetCBDescriptor">
      <Name>MainMenu</Name>
      <Image>vaisseauAlien1</Image>
      <HasGravitationalTurret>true</HasGravitationalTurret>
      <Size>Big</Size>
      <Speed>30000</Speed>
      <PathPriority>0</PathPriority>
      <Path>
        <X>11.2580881</X>
        <Y>1.03005457</Y>
        <Z>0</Z>
      </Path>
      <Position>
        <X>-1196.51575</X>
        <Y>-841.9974</Y>
        <Z>0</Z>
      </Position>
      <Rotation>8</Rotation>
      <CanSelect>false</CanSelect>
      <Invincible>false</Invincible>
      <FollowPath>false</FollowPath>
      <HasMoons>false</HasMoons>
      <StraightLine>false</StraightLine>
      <IsALevel>false</IsALevel>
    </CelestialBody>
    <CelestialBody xsi:type="PlanetCBDescriptor">
      <Image>planete5</Image>
      <HasGravitationalTurret>true</HasGravitationalTurret>
      <Size>Normal</Size>
      <Speed>240000</Speed>
      <PathPriority>1</PathPriority>
      <Path>
        <X>-21.3952312</X>
        <Y>26.6969929</Y>
        <Z>0</Z>
      </Path>
      <Position>
        <X>-848.5911</X>
        <Y>-909.01886</Y>
        <Z>0</Z>
      </Position>
      <Rotation>-78</Rotation>
      <CanSelect>true</CanSelect>
      <Invincible>false</Invincible>
      <FollowPath>false</FollowPath>
      <HasMoons>true</HasMoons>
      <StraightLine>false</StraightLine>
    </CelestialBody>
    <CelestialBody xsi:type="PlanetCBDescriptor">
      <Image>planete3</Image>
      <HasGravitationalTurret>true</HasGravitationalTurret>
      <Size>Small</Size>
      <Speed>30000</Speed>
      <PathPriority>2</PathPriority>
      <Path>
        <X>15</X>
        <Y>-13</Y>
        <Z>0</Z>
      </Path>
      <Position>
        <X>-412.997955</X>
        <Y>-785.0367</Y>
        <Z>0</Z>
      </Position>
      <Rotation>-53</Rotation>
      <CanSelect>true</CanSelect>
      <Invincible>false</Invincible>
      <FollowPath>false</FollowPath>
      <HasMoons>true</HasMoons>
      <StraightLine>false</StraightLine>
    </CelestialBody>
    <CelestialBody xsi:type="PlanetCBDescriptor">
      <Image>planete1</Image>
      <HasGravitationalTurret>true</HasGravitationalTurret>
      <Size>Big</Size>
      <Speed>360000</Speed>
      <PathPriority>3</PathPriority>
      <Path>
        <X>15.3303881</X>
        <Y>-37.1687622</Y>
        <Z>0</Z>
      </Path>
      <Position>
        <X>-709.968567</X>
        <Y>-616.298462</Y>
        <Z>0</Z>
      </Position>
      <Rotation>69</Rotation>
      <CanSelect>true</CanSelect>
      <Invincible>false</Invincible>
      <FollowPath>false</FollowPath>
      <HasMoons>true</HasMoons>
      <StraightLine>false</StraightLine>
    </CelestialBody>
    <CelestialBody xsi:type="PlanetCBDescriptor">
      <Image>planete1</Image>
      <HasGravitationalTurret>true</HasGravitationalTurret>
      <Size>Normal</Size>
      <Speed>60000</Speed>
      <PathPriority>4</PathPriority>
      <Path>
        <X>-28.8234768</X>
        <Y>13.36624</Y>
        <Z>0</Z>
      </Path>
      <Position>
        <X>-157.5753</X>
        <Y>-721.3253</Y>
        <Z>0</Z>
      </Position>
      <Rotation>0.2368167</Rotation>
      <CanSelect>true</CanSelect>
      <Invincible>false</Invincible>
      <FollowPath>false</FollowPath>
      <HasMoons>true</HasMoons>
      <StraightLine>true</StraightLine>
    </CelestialBody>
    <CelestialBody xsi:type="PlanetCBDescriptor">
      <Image>planete3</Image>
      <HasGravitationalTurret>true</HasGravitationalTurret>
      <Size>Normal</Size>
      <Speed>120000</Speed>
      <PathPriority>5</PathPriority>
      <Path>
        <X>21.9736652</X>
        <Y>-24.75897</Y>
        <Z>0</Z>
      </Path>
      <Position>
        <X>-482.566467</X>
        <Y>-1038.1239</Y>
        <Z>0</Z>
      </Position>
      <Rotation>280</Rotation>
      <CanSelect>true</CanSelect>
      <Invincible>false</Invincible>
      <FollowPath>false</FollowPath>
      <HasMoons>true</HasMoons>
      <StraightLine>false</StraightLine>
    </CelestialBody>
    <CelestialBody xsi:type="PlanetCBDescriptor">
      <Image>planete6</Image>
      <HasGravitationalTurret>true</HasGravitationalTurret>
      <Size>Small</Size>
      <Speed>360000</Speed>
      <PathPriority>6</PathPriority>
      <Path>
        <X>-33.2919655</X>
        <Y>9.949699</Y>
        <Z>0</Z>
      </Path>
      <Position>
        <X>-865.5976</X>
        <Y>-1119.24292</Y>
        <Z>0</Z>
      </Position>
      <Rotation>264</Rotation>
      <CanSelect>true</CanSelect>
      <Invincible>false</Invincible>
      <FollowPath>false</FollowPath>
      <HasMoons>true</HasMoons>
      <StraightLine>false</StraightLine>
    </CelestialBody>
    <CelestialBody xsi:type="PlanetCBDescriptor">
      <Image>planete4</Image>
      <HasGravitationalTurret>true</HasGravitationalTurret>
      <Size>Big</Size>
      <Speed>600000</Speed>
      <PathPriority>7</PathPriority>
      <Path>
        <X>-39.302803</X>
        <Y>-38.29527</Y>
        <Z>0</Z>
      </Path>
      <Position>
        <X>-1091.257</X>
        <Y>-1074.91333</Y>
        <Z>0</Z>
      </Position>
      <Rotation>238</Rotation>
      <CanSelect>true</CanSelect>
      <Invincible>false</Invincible>
      <FollowPath>false</FollowPath>
      <HasMoons>true</HasMoons>
      <StraightLine>true</StraightLine>
    </CelestialBody>
    <CelestialBody xsi:type="PlanetCBDescriptor">
      <Image>planete4</Image>
      <HasGravitationalTurret>true</HasGravitationalTurret>
      <Size>Normal</Size>
      <Speed>360000</Speed>
      <PathPriority>8</PathPriority>
      <Path>
        <X>-31.6979637</X>
        <Y>-4.480343</Y>
        <Z>0</Z>
      </Path>
      <Position>
        <X>-1356.62939</X>
        <Y>-742.908936</Y>
        <Z>0</Z>
      </Position>
      <Rotation>-323</Rotation>
      <CanSelect>true</CanSelect>
      <Invincible>false</Invincible>
      <FollowPath>false</FollowPath>
      <HasMoons>true</HasMoons>
      <StraightLine>false</StraightLine>
    </CelestialBody>
    <CelestialBody xsi:type="PlanetCBDescriptor">
      <Image>planete1</Image>
      <HasGravitationalTurret>true</HasGravitationalTurret>
      <Size>Normal</Size>
      <Speed>360000</Speed>
      <PathPriority>9</PathPriority>
      <Path>
        <X>22.32661</X>
        <Y>-27.5535622</Y>
        <Z>0</Z>
      </Path>
      <Position>
        <X>-1152.74121</X>
        <Y>-586.0931</Y>
        <Z>0</Z>
      </Position>
      <Rotation>-217</Rotation>
      <CanSelect>true</CanSelect>
      <Invincible>false</Invincible>
      <FollowPath>false</FollowPath>
      <HasMoons>true</HasMoons>
      <StraightLine>false</StraightLine>
    </CelestialBody>
    <CelestialBody xsi:type="PlanetCBDescriptor">
      <Image>planete8</Image>
      <HasGravitationalTurret>true</HasGravitationalTurret>
      <Size>Small</Size>
      <Speed>360000</Speed>
      <PathPriority>10</PathPriority>
      <Path>
        <X>-17.31939</X>
        <Y>12.57428</Y>
        <Z>0</Z>
      </Path>
      <Position>
        <X>-1218.70557</X>
        <Y>-342.904175</Y>
        <Z>0</Z>
      </Position>
      <Rotation>-2.10184526</Rotation>
      <CanSelect>true</CanSelect>
      <Invincible>false</Invincible>
      <FollowPath>false</FollowPath>
      <HasMoons>true</HasMoons>
      <StraightLine>false</StraightLine>
    </CelestialBody>
    <CelestialBody xsi:type="PlanetCBDescriptor">
      <Image>planete11</Image>
      <HasGravitationalTurret>true</HasGravitationalTurret>
      <Size>Big</Size>
      <Speed>-2.14748365E+09</Speed>
      <PathPriority>12</PathPriority>
      <Path>
        <X>0</X>
        <Y>0</Y>
        <Z>0</Z>
      </Path>
      <Position>
        <X>-922.27655</X>
        <Y>-399.584351</Y>
        <Z>0</Z>
      </Position>
      <Rotation>0</Rotation>
      <CanSelect>true</CanSelect>
      <Invincible>false</Invincible>
      <FollowPath>false</FollowPath>
      <HasMoons>true</HasMoons>
      <StraightLine>true</StraightLine>
    </CelestialBody>
    <CelestialBody xsi:type="PlanetCBDescriptor">
      <Image>planete2</Image>
      <HasGravitationalTurret>true</HasGravitationalTurret>
      <Size>Small</Size>
      <Speed>60000</Speed>
      <PathPriority>13</PathPriority>
      <Path>
        <X>33.38845</X>
        <Y>-10.6537933</Y>
        <Z>0</Z>
      </Path>
      <Position>
        <X>-531.377441</X>
        <Y>-280.365143</Y>
        <Z>0</Z>
      </Position>
      <Rotation>0</Rotation>
      <CanSelect>true</CanSelect>
      <Invincible>false</Invincible>
      <FollowPath>false</FollowPath>
      <HasMoons>true</HasMoons>
      <StraightLine>false</StraightLine>
    </CelestialBody>
    <CelestialBody xsi:type="PlanetCBDescriptor">
      <Image>planete12</Image>
      <HasGravitationalTurret>true</HasGravitationalTurret>
      <Size>Normal</Size>
      <Speed>-2.14748365E+09</Speed>
      <PathPriority>14</PathPriority>
      <Path>
        <X>0</X>
        <Y>0</Y>
        <Z>0</Z>
      </Path>
      <Position>
        <X>-308.644226</X>
        <Y>-352.05484</Y>
        <Z>0</Z>
      </Position>
      <Rotation>0</Rotation>
      <CanSelect>true</CanSelect>
      <Invincible>false</Invincible>
      <FollowPath>false</FollowPath>
      <HasMoons>true</HasMoons>
      <StraightLine>false</StraightLine>
    </CelestialBody>
    <CelestialBody xsi:type="PlanetCBDescriptor">
      <Image>planete11</Image>
      <HasGravitationalTurret>true</HasGravitationalTurret>
      <Size>Small</Size>
      <Speed>30000</Speed>
      <PathPriority>15</PathPriority>
      <Path>
        <X>-12.7490263</X>
        <Y>-20.1108856</Y>
        <Z>0</Z>
      </Path>
      <Position>
        <X>-1143.32776</X>
        <Y>-58.1902046</Y>
        <Z>0</Z>
      </Position>
      <Rotation>0</Rotation>
      <CanSelect>true</CanSelect>
      <Invincible>false</Invincible>
      <FollowPath>false</FollowPath>
      <HasMoons>true</HasMoons>
      <StraightLine>false</StraightLine>
    </CelestialBody>
    <CelestialBody xsi:type="PlanetCBDescriptor">
      <Image>planete10</Image>
      <HasGravitationalTurret>true</HasGravitationalTurret>
      <Size>Big</Size>
      <Speed>240000</Speed>
      <PathPriority>16</PathPriority>
      <Path>
        <X>-24.779726</X>
        <Y>2.23847961</Y>
        <Z>0</Z>
      </Path>
      <Position>
        <X>-873.581848</X>
        <Y>-70.72129</Y>
        <Z>0</Z>
      </Position>
      <Rotation>0</Rotation>
      <CanSelect>true</CanSelect>
      <Invincible>false</Invincible>
      <FollowPath>false</FollowPath>
      <HasMoons>true</HasMoons>
      <StraightLine>true</StraightLine>
    </CelestialBody>
    <CelestialBody xsi:type="PlanetCBDescriptor">
      <Image>planete11</Image>
      <HasGravitationalTurret>true</HasGravitationalTurret>
      <Size>Small</Size>
      <Speed>-2.14748365E+09</Speed>
      <PathPriority>18</PathPriority>
      <Path>
        <X>0</X>
        <Y>0</Y>
        <Z>0</Z>
      </Path>
      <Position>
        <X>-632.720154</X>
        <Y>2.999957</Y>
        <Z>0</Z>
      </Position>
      <Rotation>0</Rotation>
      <CanSelect>true</CanSelect>
      <Invincible>false</Invincible>
      <FollowPath>false</FollowPath>
      <HasMoons>true</HasMoons>
      <StraightLine>false</StraightLine>
    </CelestialBody>
    <CelestialBody xsi:type="PlanetCBDescriptor">
      <Image>planete12</Image>
      <HasGravitationalTurret>true</HasGravitationalTurret>
      <Size>Normal</Size>
      <Speed>360000</Speed>
      <PathPriority>23</PathPriority>
      <Path>
        <X>-30</X>
        <Y>-15</Y>
        <Z>0</Z>
      </Path>
      <Position>
        <X>-669.0408</X>
        <Y>498.7599</Y>
        <Z>0</Z>
      </Position>
      <Rotation>0</Rotation>
      <CanSelect>true</CanSelect>
      <Invincible>false</Invincible>
      <FollowPath>false</FollowPath>
      <HasMoons>true</HasMoons>
      <StraightLine>false</StraightLine>
    </CelestialBody>
    <CelestialBody xsi:type="PlanetCBDescriptor">
      <Image>planete6</Image>
      <HasGravitationalTurret>true</HasGravitationalTurret>
      <Size>Normal</Size>
      <Speed>120000</Speed>
      <PathPriority>25</PathPriority>
      <Path>
        <X>30</X>
        <Y>0</Y>
        <Z>0</Z>
      </Path>
      <Position>
        <X>-454.4</X>
        <Y>317.0804</Y>
        <Z>0</Z>
      </Position>
      <Rotation>0</Rotation>
      <CanSelect>true</CanSelect>
      <Invincible>false</Invincible>
      <FollowPath>false</FollowPath>
      <HasMoons>true</HasMoons>
      <StraightLine>false</StraightLine>
    </CelestialBody>
    <CelestialBody xsi:type="PlanetCBDescriptor">
      <Image>planete12</Image>
      <HasGravitationalTurret>true</HasGravitationalTurret>
      <Size>Big</Size>
      <Speed>240000</Speed>
      <PathPriority>26</PathPriority>
      <Path>
        <X>-15</X>
        <Y>0</Y>
        <Z>0</Z>
      </Path>
      <Position>
        <X>-153.240082</X>
        <Y>192.200043</Y>
        <Z>0</Z>
      </Position>
      <Rotation>0</Rotation>
      <CanSelect>true</CanSelect>
      <Invincible>false</Invincible>
      <FollowPath>false</FollowPath>
      <HasMoons>true</HasMoons>
      <StraightLine>true</StraightLine>
    </CelestialBody>
    <CelestialBody xsi:type="PlanetCBDescriptor">
      <Image>planete10</Image>
      <HasGravitationalTurret>true</HasGravitationalTurret>
      <Size>Big</Size>
      <Speed>10000</Speed>
      <PathPriority>27</PathPriority>
      <Path>
        <X>0</X>
        <Y>30</Y>
        <Z>0</Z>
      </Path>
      <Position>
        <X>-180.359985</X>
        <Y>-92.23977</Y>
        <Z>0</Z>
      </Position>
      <Rotation>0</Rotation>
      <CanSelect>true</CanSelect>
      <Invincible>false</Invincible>
      <FollowPath>false</FollowPath>
      <HasMoons>true</HasMoons>
      <StraightLine>false</StraightLine>
    </CelestialBody>
    <CelestialBody xsi:type="PlanetCBDescriptor">
      <Image>planete7</Image>
      <HasGravitationalTurret>true</HasGravitationalTurret>
      <Size>Normal</Size>
      <Speed>60000</Speed>
      <PathPriority>28</PathPriority>
      <Path>
        <X>45</X>
        <Y>30</Y>
        <Z>0</Z>
      </Path>
      <Position>
        <X>4.79999733</X>
        <Y>-291.040222</Y>
        <Z>0</Z>
      </Position>
      <Rotation>0</Rotation>
      <CanSelect>true</CanSelect>
      <Invincible>false</Invincible>
      <FollowPath>false</FollowPath>
      <HasMoons>true</HasMoons>
      <StraightLine>false</StraightLine>
    </CelestialBody>    
    <CelestialBody xsi:type="PinkHoleCBDescriptor">
      <HasGravitationalTurret>true</HasGravitationalTurret>
      <Size>Normal</Size>
      <Speed>-2.14748365E+09</Speed>
      <PathPriority>29</PathPriority>
      <Path>
        <X>0</X>
        <Y>0</Y>
        <Z>0</Z>
      </Path>
      <Position>
        <X>-33.282074</X>
        <Y>-547.0656</Y>
        <Z>0</Z>
      </Position>
      <Rotation>0</Rotation>
      <CanSelect>true</CanSelect>
      <Invincible>true</Invincible>
      <FollowPath>false</FollowPath>
      <StraightLine>false</StraightLine>
    </CelestialBody>
  </PlanetarySystem>
  <InfiniteWaves>
    <Enemies>
      <EnemyType>Asteroid</EnemyType>
      <EnemyType>Plutoid</EnemyType>
      <EnemyType>Comet</EnemyType>
      <EnemyType>Centaur</EnemyType>
      <EnemyType>Trojan</EnemyType>
      <EnemyType>Meteoroid</EnemyType>
    </Enemies>
    <StartingDifficulty>10</StartingDifficulty>
    <DifficultyIncrement>0</DifficultyIncrement>
    <MinMaxEnemiesPerWave>
      <X>10</X>
      <Y>30</Y>
    </MinMaxEnemiesPerWave>
    <MineralsPerWave>0</MineralsPerWave>
    <FirstOneStartNow>true</FirstOneStartNow>
    <Upfront>true</Upfront>
    <NbWaves>10</NbWaves>
  </InfiniteWaves>
  <Player>
    <Money>100</Money>
    <Lives>1</Lives>
    <StartingPosition>
      <X>-1000</X>
      <Y>-1000</Y>
      <Z>0</Z>
    </StartingPosition>
    <BulletDamage>6.822222222222222</BulletDamage>
  </Player>
</Level>