<?xml version="1.0"?>
<Level xmlns:xsi="http://www.w3.org/2001/XMLSchema-instance" xmlns:xsd="http://www.w3.org/2001/XMLSchema">
  <Infos>
    <Id>5</Id>
    <Background>background13</Background>
  </Infos>
  <Objective>
    <CelestialBodyToProtect>4</CelestialBodyToProtect>
  </Objective>
  <PlanetarySystem>
    <CelestialBody xsi:type="AsteroidBeltCBDescriptor">
      <Images>
        <string>Comet</string>
        <string>Asteroid</string>
      </Images>
    </CelestialBody>
    <CelestialBody xsi:type="PlanetCBDescriptor">
      <Name>Planete1421739692</Name>
      <Images />
      <Image>planete5</Image>
      <HasGravitationalTurret>true</HasGravitationalTurret>
      <StartingTurrets />
      <Size>Normal</Size>
      <Speed>900000</Speed>
      <PathPriority>3</PathPriority>
      <Path>
        <X>48.75019</X>
        <Y>18.5832863</Y>
        <Z>0</Z>
      </Path>
      <Position>
        <X>155.86795</X>
        <Y>-170.505249</Y>
        <Z>0</Z>
      </Position>
      <Rotation>-307</Rotation>
      <InBackground>false</InBackground>
      <CanSelect>true</CanSelect>
      <Invincible>false</Invincible>
      <StartingPosition>0</StartingPosition>
    </CelestialBody>
    <CelestialBody xsi:type="PlanetCBDescriptor">
      <Name>Planete1409078930</Name>
      <Images />
      <Image>planete7</Image>
      <HasGravitationalTurret>true</HasGravitationalTurret>
      <StartingTurrets />
      <Size>Big</Size>
      <Speed>240000</Speed>
      <PathPriority>4</PathPriority>
      <Path>
        <X>-34.5845375</X>
        <Y>-101.996948</Y>
        <Z>0</Z>
      </Path>
      <Position>
        <X>496.759552</X>
        <Y>143.114059</Y>
        <Z>0</Z>
      </Position>
      <Rotation>-66</Rotation>
      <InBackground>false</InBackground>
      <CanSelect>true</CanSelect>
      <Invincible>false</Invincible>
      <StartingPosition>0</StartingPosition>
    </CelestialBody>
    <CelestialBody xsi:type="PlanetCBDescriptor">
      <Name>Planete1990690502</Name>
      <Images />
      <Image>planete2</Image>
      <HasGravitationalTurret>true</HasGravitationalTurret>
      <StartingTurrets />
      <Size>Small</Size>
      <Speed>240000</Speed>
      <PathPriority>2</PathPriority>
      <Path>
        <X>35</X>
        <Y>-19</Y>
        <Z>0</Z>
      </Path>
      <Position>
        <X>-417.628357</X>
        <Y>-185.4108</Y>
        <Z>0</Z>
      </Position>
      <Rotation>-338</Rotation>
      <InBackground>false</InBackground>
      <CanSelect>true</CanSelect>
      <Invincible>false</Invincible>
      <StartingPosition>0</StartingPosition>
    </CelestialBody>
    <CelestialBody xsi:type="PlanetCBDescriptor">
      <Name>Planete2014276104</Name>
      <Images />
      <Image>vaisseauAlien1</Image>
      <HasGravitationalTurret>true</HasGravitationalTurret>
      <StartingTurrets />
      <Size>Big</Size>
      <Speed>360000</Speed>
      <PathPriority>0</PathPriority>
      <Path>
        <X>-57.6009</X>
        <Y>29.86347</Y>
        <Z>0</Z>
      </Path>
      <Position>
        <X>-431.060577</X>
        <Y>189.160278</Y>
        <Z>0</Z>
      </Position>
      <Rotation>238</Rotation>
      <InBackground>false</InBackground>
      <CanSelect>true</CanSelect>
      <Invincible>false</Invincible>
      <StartingPosition>0</StartingPosition>
    </CelestialBody>
    <CelestialBody xsi:type="PlanetCBDescriptor">
      <Name>Planete1919051408</Name>
      <Images />
      <Image>planete6</Image>
      <HasGravitationalTurret>true</HasGravitationalTurret>
      <StartingTurrets />
      <Size>Small</Size>
      <Speed>900000</Speed>
      <PathPriority>1</PathPriority>
      <Path>
        <X>93.7068253</X>
        <Y>-44.7439423</Y>
        <Z>0</Z>
      </Path>
      <Position>
        <X>-3.10082245</X>
        <Y>160.619339</Y>
        <Z>0</Z>
      </Position>
      <Rotation>166</Rotation>
      <InBackground>false</InBackground>
      <CanSelect>true</CanSelect>
      <Invincible>false</Invincible>
      <StartingPosition>0</StartingPosition>
    </CelestialBody>
  </PlanetarySystem>
  <Waves>
    <Wave>
      <StartingTime>40000</StartingTime>
      <Enemies>
        <EnemyType>Asteroid</EnemyType>
      </Enemies>
      <SpeedLevel>1</SpeedLevel>
      <LivesLevel>1</LivesLevel>
      <CashValue>5</CashValue>
      <Quantity>20</Quantity>
      <Distance>Normal</Distance>
      <Delay>0</Delay>
      <ApplyDelayEvery>-1</ApplyDelayEvery>
      <SwitchEvery>-1</SwitchEvery>
    </Wave>
    <Wave>
      <StartingTime>50000</StartingTime>
      <Enemies>
        <EnemyType>Comet</EnemyType>
      </Enemies>
      <SpeedLevel>1</SpeedLevel>
      <LivesLevel>1</LivesLevel>
      <CashValue>15</CashValue>
      <Quantity>30</Quantity>
      <Distance>Far</Distance>
      <Delay>0</Delay>
      <ApplyDelayEvery>-1</ApplyDelayEvery>
      <SwitchEvery>-1</SwitchEvery>
    </Wave>
    <Wave>
      <StartingTime>60000</StartingTime>
      <Enemies>
        <EnemyType>Asteroid</EnemyType>
      </Enemies>
      <SpeedLevel>3</SpeedLevel>
      <LivesLevel>3</LivesLevel>
      <CashValue>15</CashValue>
      <Quantity>40</Quantity>
      <Distance>Normal</Distance>
      <Delay>2000</Delay>
      <ApplyDelayEvery>20</ApplyDelayEvery>
      <SwitchEvery>20</SwitchEvery>
    </Wave>
    <Wave>
      <StartingTime>90000</StartingTime>
      <Enemies>
        <EnemyType>Comet</EnemyType>
      </Enemies>
      <SpeedLevel>3</SpeedLevel>
      <LivesLevel>3</LivesLevel>
      <CashValue>10</CashValue>
      <Quantity>35</Quantity>
      <Distance>Normal</Distance>
      <Delay>0</Delay>
      <ApplyDelayEvery>-1</ApplyDelayEvery>
      <SwitchEvery>-1</SwitchEvery>
    </Wave>
  </Waves>
  <Player>
    <Money>590</Money>
    <Lives>3</Lives>
  </Player>
  <AvailableTurrets>
    <TurretType>Basic</TurretType>
    <TurretType>Laser</TurretType>
  </AvailableTurrets>
  <AvailablePowerUps />
  <Minerals>
    <Cash>0</Cash>
    <LifePacks>0</LifePacks>
  </Minerals>
  <HelpTexts />
</Level>