<?xml version="1.0"?>
<Level xmlns:xsi="http://www.w3.org/2001/XMLSchema-instance" xmlns:xsd="http://www.w3.org/2001/XMLSchema">
  <Infos>
    <Id>49</Id>
    <Background>background15</Background>
  </Infos>
  <Objective>
    <CelestialBodyToProtect>13</CelestialBodyToProtect>
  </Objective>
  <PlanetarySystem>
    <CelestialBody xsi:type="AsteroidBeltCBDescriptor">
      <Images>
        <string>Asteroid</string>
        <string>Plutoid</string>
      </Images>
    </CelestialBody>
    <CelestialBody xsi:type="PlanetCBDescriptor">
      <Name>Planete771604249</Name>
      <Images />
      <Image>planete7</Image>
      <HasGravitationalTurret>true</HasGravitationalTurret>
      <StartingTurrets />
      <Size>Big</Size>
      <Speed>240000</Speed>
      <PathPriority>13</PathPriority>
      <Path>
        <X>60</X>
        <Y>-60</Y>
        <Z>0</Z>
      </Path>
      <Position>
        <X>-485.000275</X>
        <Y>5.07982445</Y>
        <Z>0</Z>
      </Position>
      <Rotation>0</Rotation>
      <InBackground>false</InBackground>
      <CanSelect>true</CanSelect>
      <Invincible>false</Invincible>
      <StartingPosition>0</StartingPosition>
      <FollowPath>false</FollowPath>
      <HasMoons>true</HasMoons>
      <StraightLine>false</StraightLine>
    </CelestialBody>
    <CelestialBody xsi:type="PlanetCBDescriptor">
      <Name>Planete299473230</Name>
      <Images />
      <Image>vaisseauAlien5</Image>
      <HasGravitationalTurret>true</HasGravitationalTurret>
      <StartingTurrets />
      <Size>Big</Size>
      <Speed>60000</Speed>
      <PathPriority>-3</PathPriority>
      <Path>
        <X>45</X>
        <Y>-150</Y>
        <Z>0</Z>
      </Path>
      <Position>
        <X>384.1203</X>
        <Y>74.63989</Y>
        <Z>0</Z>
      </Position>
      <Rotation>0</Rotation>
      <InBackground>false</InBackground>
      <CanSelect>true</CanSelect>
      <Invincible>false</Invincible>
      <StartingPosition>0</StartingPosition>
      <FollowPath>false</FollowPath>
      <HasMoons>true</HasMoons>
      <StraightLine>false</StraightLine>
    </CelestialBody>
    <CelestialBody xsi:type="PlanetCBDescriptor">
      <Name>Planete1992775934</Name>
      <Images />
      <Image>stationSpatiale1</Image>
      <HasGravitationalTurret>false</HasGravitationalTurret>
      <StartingTurrets />
      <Size>Normal</Size>
      <Speed>-2.14748365E+09</Speed>
      <PathPriority>10</PathPriority>
      <Path>
        <X>0</X>
        <Y>0</Y>
        <Z>0</Z>
      </Path>
      <Position>
        <X>-39.4800034</X>
        <Y>192.800125</Y>
        <Z>0</Z>
      </Position>
      <Rotation>0</Rotation>
      <InBackground>false</InBackground>
      <CanSelect>true</CanSelect>
      <Invincible>false</Invincible>
      <StartingPosition>0</StartingPosition>
      <FollowPath>false</FollowPath>
      <HasMoons>true</HasMoons>
      <StraightLine>false</StraightLine>
    </CelestialBody>
    <CelestialBody xsi:type="PlanetCBDescriptor">
      <Name>Planete1566600990</Name>
      <Images />
      <Image>stationSpatiale2</Image>
      <HasGravitationalTurret>false</HasGravitationalTurret>
      <StartingTurrets />
      <Size>Normal</Size>
      <Speed>-2.14748365E+09</Speed>
      <PathPriority>12</PathPriority>
      <Path>
        <X>0</X>
        <Y>0</Y>
        <Z>0</Z>
      </Path>
      <Position>
        <X>0.240121812</X>
        <Y>-218.240341</Y>
        <Z>0</Z>
      </Position>
      <Rotation>0</Rotation>
      <InBackground>false</InBackground>
      <CanSelect>true</CanSelect>
      <Invincible>false</Invincible>
      <StartingPosition>0</StartingPosition>
      <FollowPath>false</FollowPath>
      <HasMoons>true</HasMoons>
      <StraightLine>false</StraightLine>
    </CelestialBody>
  </PlanetarySystem>
  <Waves>
    <Wave>
      <StartingTime>20000</StartingTime>
      <Enemies>
        <EnemyType>Asteroid</EnemyType>
      </Enemies>
      <SpeedLevel>3</SpeedLevel>
      <LivesLevel>3</LivesLevel>
      <CashValue>0</CashValue>
      <Quantity>15</Quantity>
      <Distance>Normal</Distance>
      <Delay>0</Delay>
      <ApplyDelayEvery>0</ApplyDelayEvery>
      <SwitchEvery>5</SwitchEvery>
    </Wave>
    <Wave>
      <StartingTime>30000</StartingTime>
      <Enemies>
        <EnemyType>Plutoid</EnemyType>
      </Enemies>
      <SpeedLevel>1</SpeedLevel>
      <LivesLevel>1</LivesLevel>
      <CashValue>0</CashValue>
      <Quantity>30</Quantity>
      <Distance>Normal</Distance>
      <Delay>0</Delay>
      <ApplyDelayEvery>0</ApplyDelayEvery>
      <SwitchEvery>5</SwitchEvery>
    </Wave>
  </Waves>
  <Player>
    <Money>2000</Money>
    <Lives>5</Lives>
    <StartingPosition>
      <X>0</X>
      <Y>0</Y>
      <Z>0</Z>
    </StartingPosition>
    <BulletDamage>2</BulletDamage>
  </Player>
  <AvailableTurrets>
    <TurretType>Gravitational</TurretType>
  </AvailableTurrets>
  <AvailablePowerUps />
  <Minerals>
    <Cash>0</Cash>
    <LifePacks>0</LifePacks>
  </Minerals>
  <HelpText>Install a turret on a planet!</HelpText>
</Level>