<?xml version="1.0"?>
<Level xmlns:xsi="http://www.w3.org/2001/XMLSchema-instance" xmlns:xsd="http://www.w3.org/2001/XMLSchema">
  <Infos>
    <Id>4</Id>
    <Background>background12</Background>
  </Infos>
  <Objective>
    <CelestialBodyToProtect>0</CelestialBodyToProtect>
  </Objective>
  <PlanetarySystem>
    <CelestialBody xsi:type="AsteroidBeltCBDescriptor">
      <Images>
        <string>Comet</string>
        <string>Comet</string>
        <string>Comet</string>
      </Images>
    </CelestialBody>
    <CelestialBody xsi:type="PlanetCBDescriptor">
      <Name>Planete896758999</Name>
      <Images />
      <Image>planete2</Image>
      <HasGravitationalTurret>true</HasGravitationalTurret>
      <StartingTurrets />
      <Size>Small</Size>
      <Speed>30000</Speed>
      <PathPriority>-10</PathPriority>
      <Path>
        <X>-55</X>
        <Y>12</Y>
        <Z>0</Z>
      </Path>
      <Position>
        <X>-216.232178</X>
        <Y>141.983414</Y>
        <Z>0</Z>
      </Position>
      <Rotation>193</Rotation>
      <InBackground>false</InBackground>
      <CanSelect>true</CanSelect>
      <Invincible>false</Invincible>
      <StartingPosition>0</StartingPosition>
    </CelestialBody>
    <CelestialBody xsi:type="PlanetCBDescriptor">
      <Name>Planete1523381052</Name>
      <Images />
      <Image>vaisseauAlien1</Image>
      <HasGravitationalTurret>true</HasGravitationalTurret>
      <StartingTurrets />
      <Size>Big</Size>
      <Speed>600000</Speed>
      <PathPriority>-12</PathPriority>
      <Path>
        <X>84.79203</X>
        <Y>43.0329781</Y>
        <Z>0</Z>
      </Path>
      <Position>
        <X>-424.164</X>
        <Y>-170.770126</Y>
        <Z>0</Z>
      </Position>
      <Rotation>-2.48868</Rotation>
      <InBackground>false</InBackground>
      <CanSelect>true</CanSelect>
      <Invincible>false</Invincible>
      <StartingPosition>0</StartingPosition>
    </CelestialBody>
    <CelestialBody xsi:type="PlanetCBDescriptor">
      <Name>Planete1562753184</Name>
      <Images />
      <Image>planete7</Image>
      <HasGravitationalTurret>true</HasGravitationalTurret>
      <StartingTurrets />
      <Size>Big</Size>
      <Speed>360000</Speed>
      <PathPriority>0</PathPriority>
      <Path>
        <X>-68.85848</X>
        <Y>69.92887</Y>
        <Z>0</Z>
      </Path>
      <Position>
        <X>449.668</X>
        <Y>-18.8648</Y>
        <Z>0</Z>
      </Position>
      <Rotation>-296</Rotation>
      <InBackground>false</InBackground>
      <CanSelect>true</CanSelect>
      <Invincible>false</Invincible>
      <StartingPosition>0</StartingPosition>
    </CelestialBody>
    <CelestialBody xsi:type="PlanetCBDescriptor">
      <Name>Planete1459262368</Name>
      <Images />
      <Image>planete3</Image>
      <HasGravitationalTurret>true</HasGravitationalTurret>
      <StartingTurrets />
      <Size>Normal</Size>
      <Speed>360000</Speed>
      <PathPriority>-11</PathPriority>
      <Path>
        <X>36.7261162</X>
        <Y>30.27782</Y>
        <Z>0</Z>
      </Path>
      <Position>
        <X>122.098145</X>
        <Y>-130.577057</Y>
        <Z>0</Z>
      </Position>
      <Rotation>150</Rotation>
      <InBackground>false</InBackground>
      <CanSelect>true</CanSelect>
      <Invincible>false</Invincible>
      <StartingPosition>0</StartingPosition>
    </CelestialBody>
    <CelestialBody xsi:type="PlanetCBDescriptor">
      <Name>Planete192413078</Name>
      <Images />
      <Image>planete5</Image>
      <HasGravitationalTurret>true</HasGravitationalTurret>
      <StartingTurrets />
      <Size>Normal</Size>
      <Speed>900000</Speed>
      <PathPriority>-6</PathPriority>
      <Path>
        <X>54.8273964</X>
        <Y>-69.1642</Y>
        <Z>0</Z>
      </Path>
      <Position>
        <X>28.530117</X>
        <Y>134.170624</Y>
        <Z>0</Z>
      </Position>
      <Rotation>278</Rotation>
      <InBackground>false</InBackground>
      <CanSelect>true</CanSelect>
      <Invincible>false</Invincible>
      <StartingPosition>0</StartingPosition>
    </CelestialBody>
  </PlanetarySystem>
  <Waves>
    <Wave>
      <StartingTime>40000</StartingTime>
      <Enemies>
        <EnemyType>Comet</EnemyType>
      </Enemies>
      <SpeedLevel>1</SpeedLevel>
      <LivesLevel>1</LivesLevel>
      <CashValue>10</CashValue>
      <Quantity>30</Quantity>
      <Distance>Far</Distance>
      <Delay>0</Delay>
      <ApplyDelayEvery>-1</ApplyDelayEvery>
      <SwitchEvery>-1</SwitchEvery>
    </Wave>
    <Wave>
      <StartingTime>30000</StartingTime>
      <Enemies>
        <EnemyType>Comet</EnemyType>
      </Enemies>
      <SpeedLevel>2</SpeedLevel>
      <LivesLevel>2</LivesLevel>
      <CashValue>10</CashValue>
      <Quantity>25</Quantity>
      <Distance>Normal</Distance>
      <Delay>0</Delay>
      <ApplyDelayEvery>-1</ApplyDelayEvery>
      <SwitchEvery>-1</SwitchEvery>
    </Wave>
    <Wave>
      <StartingTime>50000</StartingTime>
      <Enemies>
        <EnemyType>Comet</EnemyType>
      </Enemies>
      <SpeedLevel>3</SpeedLevel>
      <LivesLevel>3</LivesLevel>
      <CashValue>15</CashValue>
      <Quantity>35</Quantity>
      <Distance>Normal</Distance>
      <Delay>0</Delay>
      <ApplyDelayEvery>-1</ApplyDelayEvery>
      <SwitchEvery>-1</SwitchEvery>
    </Wave>
  </Waves>
  <Player>
    <Money>500</Money>
    <Lives>3</Lives>
  </Player>
  <AvailableTurrets>
    <TurretType>Laser</TurretType>
  </AvailableTurrets>
  <AvailablePowerUps />
  <Minerals>
    <Cash>0</Cash>
    <LifePacks>0</LifePacks>
  </Minerals>
  <HelpTexts />
</Level>