<?xml version="1.0"?>
<Level xmlns:xsi="http://www.w3.org/2001/XMLSchema-instance" xmlns:xsd="http://www.w3.org/2001/XMLSchema">
  <Infos>
    <Id>8</Id>
    <Background>background8</Background>
  </Infos>
  <Objective>
    <CelestialBodyToProtect>0</CelestialBodyToProtect>
  </Objective>
  <PlanetarySystem>
    <CelestialBody xsi:type="AsteroidBeltCBDescriptor">
      <Images>
        <string>Comet</string>
        <string>Asteroid</string>
        <string>Plutoid</string>
        <string>Plutoid</string>
        <string>Centaur</string>
        <string>Centaur</string>
      </Images>
    </CelestialBody>
    <CelestialBody xsi:type="PlanetCBDescriptor">
      <Name>Planete1447520627</Name>
      <Images />
      <Image>vaisseauAlien1</Image>
      <HasGravitationalTurret>true</HasGravitationalTurret>
      <StartingTurrets />
      <Size>Big</Size>
      <Speed>900000</Speed>
      <PathPriority>-8</PathPriority>
      <Path>
        <X>47.3895</X>
        <Y>59.5644531</Y>
        <Z>0</Z>
      </Path>
      <Position>
        <X>-328.937927</X>
        <Y>-214.787628</Y>
        <Z>0</Z>
      </Position>
      <Rotation>152</Rotation>
      <InBackground>false</InBackground>
      <CanSelect>true</CanSelect>
      <Invincible>false</Invincible>
      <StartingPosition>0</StartingPosition>
    </CelestialBody>
    <CelestialBody xsi:type="PlanetCBDescriptor">
      <Name>Planete2087047860</Name>
      <Images />
      <Image>planete2</Image>
      <HasGravitationalTurret>false</HasGravitationalTurret>
      <StartingTurrets />
      <Size>Normal</Size>
      <Speed>120000</Speed>
      <PathPriority>-2</PathPriority>
      <Path>
        <X>55.6859</X>
        <Y>-94.86097</Y>
        <Z>0</Z>
      </Path>
      <Position>
        <X>-13.0478783</X>
        <Y>-174.306854</Y>
        <Z>0</Z>
      </Position>
      <Rotation>-2.02600265</Rotation>
      <InBackground>false</InBackground>
      <CanSelect>true</CanSelect>
      <Invincible>false</Invincible>
      <StartingPosition>0</StartingPosition>
    </CelestialBody>
    <CelestialBody xsi:type="PlanetCBDescriptor">
      <Name>Planete541633110</Name>
      <Images />
      <Image>planete6</Image>
      <HasGravitationalTurret>true</HasGravitationalTurret>
      <StartingTurrets />
      <Size>Normal</Size>
      <Speed>60000</Speed>
      <PathPriority>-1</PathPriority>
      <Path>
        <X>73</X>
        <Y>23</Y>
        <Z>0</Z>
      </Path>
      <Position>
        <X>431.928925</X>
        <Y>105.47097</Y>
        <Z>0</Z>
      </Position>
      <Rotation>334</Rotation>
      <InBackground>false</InBackground>
      <CanSelect>true</CanSelect>
      <Invincible>false</Invincible>
      <StartingPosition>0</StartingPosition>
    </CelestialBody>
    <CelestialBody xsi:type="PlanetCBDescriptor">
      <Name>Planete1030705952</Name>
      <Images />
      <Image>planete3</Image>
      <HasGravitationalTurret>false</HasGravitationalTurret>
      <StartingTurrets />
      <Size>Normal</Size>
      <Speed>240000</Speed>
      <PathPriority>-4</PathPriority>
      <Path>
        <X>46.10325</X>
        <Y>-39.368103</Y>
        <Z>0</Z>
      </Path>
      <Position>
        <X>126.08609</X>
        <Y>259.2771</Y>
        <Z>0</Z>
      </Position>
      <Rotation>-260</Rotation>
      <InBackground>false</InBackground>
      <CanSelect>true</CanSelect>
      <Invincible>false</Invincible>
      <StartingPosition>0</StartingPosition>
    </CelestialBody>
    <CelestialBody xsi:type="PlanetCBDescriptor">
      <Name>Planete70433217</Name>
      <Images />
      <Image>planete7</Image>
      <HasGravitationalTurret>true</HasGravitationalTurret>
      <StartingTurrets />
      <Size>Big</Size>
      <Speed>10000</Speed>
      <PathPriority>0</PathPriority>
      <Path>
        <X>109.957108</X>
        <Y>-87.137825</Y>
        <Z>0</Z>
      </Path>
      <Position>
        <X>-177.782516</X>
        <Y>182.764587</Y>
        <Z>0</Z>
      </Position>
      <Rotation>-199</Rotation>
      <InBackground>false</InBackground>
      <CanSelect>true</CanSelect>
      <Invincible>false</Invincible>
      <StartingPosition>0</StartingPosition>
    </CelestialBody>
    <CelestialBody xsi:type="PlanetCBDescriptor">
      <Name>Planete1321075187</Name>
      <Images />
      <Image>planete1</Image>
      <HasGravitationalTurret>false</HasGravitationalTurret>
      <StartingTurrets />
      <Size>Normal</Size>
      <Speed>240000</Speed>
      <PathPriority>-6</PathPriority>
      <Path>
        <X>-13</X>
        <Y>5</Y>
        <Z>0</Z>
      </Path>
      <Position>
        <X>260.680664</X>
        <Y>-181.641235</Y>
        <Z>0</Z>
      </Position>
      <Rotation>76</Rotation>
      <InBackground>false</InBackground>
      <CanSelect>true</CanSelect>
      <Invincible>false</Invincible>
      <StartingPosition>0</StartingPosition>
    </CelestialBody>
    <CelestialBody xsi:type="PlanetCBDescriptor">
      <Name>Planete969830744</Name>
      <Images />
      <Image>planete5</Image>
      <HasGravitationalTurret>false</HasGravitationalTurret>
      <StartingTurrets />
      <Size>Small</Size>
      <Speed>10000</Speed>
      <PathPriority>-7</PathPriority>
      <Path>
        <X>37.58573</X>
        <Y>33.1946526</Y>
        <Z>0</Z>
      </Path>
      <Position>
        <X>-308.718353</X>
        <Y>-14.0107765</Y>
        <Z>0</Z>
      </Position>
      <Rotation>-40</Rotation>
      <InBackground>false</InBackground>
      <CanSelect>true</CanSelect>
      <Invincible>false</Invincible>
      <StartingPosition>0</StartingPosition>
    </CelestialBody>
  </PlanetarySystem>
  <Waves>
    <Wave>
      <StartingTime>30000</StartingTime>
      <Enemies>
        <EnemyType>Comet</EnemyType>
      </Enemies>
      <SpeedLevel>1</SpeedLevel>
      <LivesLevel>1</LivesLevel>
      <CashValue>20</CashValue>
      <Quantity>15</Quantity>
      <Distance>Far</Distance>
      <Delay>0</Delay>
      <ApplyDelayEvery>-1</ApplyDelayEvery>
      <SwitchEvery>-1</SwitchEvery>
    </Wave>
    <Wave>
      <StartingTime>50000</StartingTime>
      <Enemies>
        <EnemyType>Centaur</EnemyType>
      </Enemies>
      <SpeedLevel>2</SpeedLevel>
      <LivesLevel>2</LivesLevel>
      <CashValue>20</CashValue>
      <Quantity>25</Quantity>
      <Distance>Near</Distance>
      <Delay>6000</Delay>
      <ApplyDelayEvery>5</ApplyDelayEvery>
      <SwitchEvery>5</SwitchEvery>
    </Wave>
    <Wave>
      <StartingTime>70000</StartingTime>
      <Enemies>
        <EnemyType>Plutoid</EnemyType>
      </Enemies>
      <SpeedLevel>2</SpeedLevel>
      <LivesLevel>2</LivesLevel>
      <CashValue>25</CashValue>
      <Quantity>20</Quantity>
      <Distance>Near</Distance>
      <Delay>5000</Delay>
      <ApplyDelayEvery>5</ApplyDelayEvery>
      <SwitchEvery>5</SwitchEvery>
    </Wave>
    <Wave>
      <StartingTime>70000</StartingTime>
      <Enemies>
        <EnemyType>Asteroid</EnemyType>
        <EnemyType>Centaur</EnemyType>
        <EnemyType>Plutoid</EnemyType>
      </Enemies>
      <SpeedLevel>2</SpeedLevel>
      <LivesLevel>2</LivesLevel>
      <CashValue>15</CashValue>
      <Quantity>50</Quantity>
      <Distance>Normal</Distance>
      <Delay>2000</Delay>
      <ApplyDelayEvery>12</ApplyDelayEvery>
      <SwitchEvery>12</SwitchEvery>
    </Wave>
  </Waves>
  <Player>
    <Money>300</Money>
    <Lives>5</Lives>
  </Player>
  <AvailableTurrets>
    <TurretType>Laser</TurretType>
    <TurretType>Missile</TurretType>
    <TurretType>Basic</TurretType>
  </AvailableTurrets>
  <AvailablePowerUps />
  <Minerals>
    <Cash>0</Cash>
    <LifePacks>0</LifePacks>
  </Minerals>
  <HelpTexts />
</Level>