<?xml version="1.0"?>
<Level xmlns:xsi="http://www.w3.org/2001/XMLSchema-instance" xmlns:xsd="http://www.w3.org/2001/XMLSchema">
  <Infos>
    <Id>53</Id>
    <Background>background12</Background>
  </Infos>
  <Objective>
    <CelestialBodyToProtect>2</CelestialBodyToProtect>
  </Objective>
  <PlanetarySystem>
    <CelestialBody xsi:type="AsteroidBeltCBDescriptor">
      <Images>
        <string>Asteroid</string>
        <string>Plutoid</string>
      </Images>
    </CelestialBody>
    <CelestialBody xsi:type="PlanetCBDescriptor">
      <Name>Planete1889868259</Name>
      <Images />
      <Image>planete7</Image>
      <HasGravitationalTurret>true</HasGravitationalTurret>
      <StartingTurrets />
      <Size>Big</Size>
      <Speed>30000</Speed>
      <PathPriority>2</PathPriority>
      <Path>
        <X>240</X>
        <Y>-60</Y>
        <Z>0</Z>
      </Path>
      <Position>
        <X>-126.600029</X>
        <Y>-195.880112</Y>
        <Z>0</Z>
      </Position>
      <Rotation>0</Rotation>
      <InBackground>false</InBackground>
      <CanSelect>true</CanSelect>
      <Invincible>false</Invincible>
      <StartingPosition>0</StartingPosition>
      <FollowPath>false</FollowPath>
      <HasMoons>true</HasMoons>
      <StraightLine>false</StraightLine>
    </CelestialBody>
    <CelestialBody xsi:type="PlanetCBDescriptor">
      <Name>Planete2103477742</Name>
      <Images />
      <Image>vaisseauAlien3</Image>
      <HasGravitationalTurret>true</HasGravitationalTurret>
      <StartingTurrets />
      <Size>Big</Size>
      <Speed>60000</Speed>
      <PathPriority>0</PathPriority>
      <Path>
        <X>45</X>
        <Y>-255</Y>
        <Z>0</Z>
      </Path>
      <Position>
        <X>410.5602</X>
        <Y>10.5600052</Y>
        <Z>0</Z>
      </Position>
      <Rotation>0</Rotation>
      <InBackground>false</InBackground>
      <CanSelect>true</CanSelect>
      <Invincible>false</Invincible>
      <StartingPosition>0</StartingPosition>
      <FollowPath>false</FollowPath>
      <HasMoons>true</HasMoons>
      <StraightLine>false</StraightLine>
    </CelestialBody>
    <CelestialBody xsi:type="PlanetCBDescriptor">
      <Name>Planete204864911</Name>
      <Images />
      <Image>planete5</Image>
      <HasGravitationalTurret>false</HasGravitationalTurret>
      <StartingTurrets />
      <Size>Normal</Size>
      <Speed>60000</Speed>
      <PathPriority>-3</PathPriority>
      <Path>
        <X>-83.7868042</X>
        <Y>-96.2131958</Y>
        <Z>0</Z>
      </Path>
      <Position>
        <X>75.48004</X>
        <Y>113.640175</Y>
        <Z>0</Z>
      </Position>
      <Rotation>0</Rotation>
      <InBackground>false</InBackground>
      <CanSelect>true</CanSelect>
      <Invincible>false</Invincible>
      <StartingPosition>0</StartingPosition>
      <FollowPath>false</FollowPath>
      <HasMoons>true</HasMoons>
      <StraightLine>false</StraightLine>
    </CelestialBody>
    <CelestialBody xsi:type="PlanetCBDescriptor">
      <Name>Planete359551677</Name>
      <Images />
      <Image>planete2</Image>
      <HasGravitationalTurret>false</HasGravitationalTurret>
      <StartingTurrets />
      <Size>Normal</Size>
      <Speed>360000</Speed>
      <PathPriority>1</PathPriority>
      <Path>
        <X>30</X>
        <Y>-180</Y>
        <Z>0</Z>
      </Path>
      <Position>
        <X>-504.640167</X>
        <Y>71.9203339</Y>
        <Z>0</Z>
      </Position>
      <Rotation>0</Rotation>
      <InBackground>false</InBackground>
      <CanSelect>true</CanSelect>
      <Invincible>false</Invincible>
      <StartingPosition>0</StartingPosition>
      <FollowPath>false</FollowPath>
      <HasMoons>true</HasMoons>
      <StraightLine>false</StraightLine>
    </CelestialBody>
    <CelestialBody xsi:type="PlanetCBDescriptor">
      <Name>Planete823632317</Name>
      <Images />
      <Image>planete10</Image>
      <HasGravitationalTurret>false</HasGravitationalTurret>
      <StartingTurrets />
      <Size>Normal</Size>
      <Speed>-2.14748365E+09</Speed>
      <PathPriority>-4</PathPriority>
      <Path>
        <X>0</X>
        <Y>0</Y>
        <Z>0</Z>
      </Path>
      <Position>
        <X>-216.840027</X>
        <Y>48.80001</Y>
        <Z>0</Z>
      </Position>
      <Rotation>0</Rotation>
      <InBackground>false</InBackground>
      <CanSelect>true</CanSelect>
      <Invincible>false</Invincible>
      <StartingPosition>0</StartingPosition>
      <FollowPath>false</FollowPath>
      <HasMoons>true</HasMoons>
      <StraightLine>false</StraightLine>
    </CelestialBody>
  </PlanetarySystem>
  <Waves>
    <Wave>
      <StartingTime>20000</StartingTime>
      <Enemies>
        <EnemyType>Asteroid</EnemyType>
      </Enemies>
      <SpeedLevel>2</SpeedLevel>
      <LivesLevel>2</LivesLevel>
      <CashValue>40</CashValue>
      <Quantity>50</Quantity>
      <Distance>Normal</Distance>
      <Delay>0</Delay>
      <ApplyDelayEvery>0</ApplyDelayEvery>
      <SwitchEvery>5</SwitchEvery>
    </Wave>
    <Wave>
      <StartingTime>30000</StartingTime>
      <Enemies>
        <EnemyType>Plutoid</EnemyType>
      </Enemies>
      <SpeedLevel>1</SpeedLevel>
      <LivesLevel>1</LivesLevel>
      <CashValue>30</CashValue>
      <Quantity>80</Quantity>
      <Distance>Normal</Distance>
      <Delay>0</Delay>
      <ApplyDelayEvery>0</ApplyDelayEvery>
      <SwitchEvery>5</SwitchEvery>
    </Wave>
  </Waves>
  <Player>
    <Money>1000</Money>
    <Lives>5</Lives>
    <StartingPosition>
      <X>0</X>
      <Y>0</Y>
      <Z>0</Z>
    </StartingPosition>
    <BulletDamage>2</BulletDamage>
  </Player>
  <AvailableTurrets>
    <TurretType>Gravitational</TurretType>
  </AvailableTurrets>
  <AvailablePowerUps />
  <Minerals>
    <Cash>0</Cash>
    <LifePacks>0</LifePacks>
  </Minerals>
  <HelpText>You can upgrade installed turrets!</HelpText>
</Level>