<?xml version="1.0"?>
<Level xmlns:xsi="http://www.w3.org/2001/XMLSchema-instance" xmlns:xsd="http://www.w3.org/2001/XMLSchema">
  <Infos>
    <Id>48</Id>
    <Background>intro</Background>
  </Infos>
  <Objective>
    <CelestialBodyToProtect>-1</CelestialBodyToProtect>
  </Objective>
  <PlanetarySystem>
    <CelestialBody xsi:type="AsteroidBeltCBDescriptor">
      <Name>Asteroid belt</Name>
      <Images>
        <string>Asteroid</string>
      </Images>
    </CelestialBody>
    <CelestialBody xsi:type="PlanetCBDescriptor">
      <Name>Planete1838097578</Name>
      <Images />
      <Image>vaisseauAlien4</Image>
      <HasGravitationalTurret>true</HasGravitationalTurret>
      <StartingTurrets />
      <Size>Big</Size>
      <Speed>120000</Speed>
      <PathPriority>-3</PathPriority>
      <Path>
        <X>45</X>
        <Y>-165</Y>
        <Z>0</Z>
      </Path>
      <Position>
        <X>389.8802</X>
        <Y>-99.19982</Y>
        <Z>0</Z>
      </Position>
      <Rotation>-0.7853982</Rotation>
      <InBackground>false</InBackground>
      <CanSelect>true</CanSelect>
      <Invincible>false</Invincible>
      <StartingPosition>0</StartingPosition>
      <FollowPath>false</FollowPath>
      <HasMoons>true</HasMoons>
      <StraightLine>false</StraightLine>
    </CelestialBody>
    <CelestialBody xsi:type="PlanetCBDescriptor">
      <Name>Planete1966739861</Name>
      <Images />
      <Image>planete7</Image>
      <HasGravitationalTurret>true</HasGravitationalTurret>
      <StartingTurrets />
      <Size>Big</Size>
      <Speed>480000</Speed>
      <PathPriority>-1</PathPriority>
      <Path>
        <X>75</X>
        <Y>-165</Y>
        <Z>0</Z>
      </Path>
      <Position>
        <X>-424.840118</X>
        <Y>31.40028</Y>
        <Z>0</Z>
      </Position>
      <Rotation>3.14159274</Rotation>
      <InBackground>false</InBackground>
      <CanSelect>true</CanSelect>
      <Invincible>false</Invincible>
      <StartingPosition>0</StartingPosition>
      <FollowPath>false</FollowPath>
      <HasMoons>true</HasMoons>
      <StraightLine>false</StraightLine>
    </CelestialBody>
  </PlanetarySystem>
  <Waves>
    <Wave>
      <StartingTime>20000</StartingTime>
      <Enemies>
        <EnemyType>Asteroid</EnemyType>
      </Enemies>
      <SpeedLevel>1</SpeedLevel>
      <LivesLevel>1</LivesLevel>
      <CashValue>0</CashValue>
      <Quantity>20</Quantity>
      <Distance>Normal</Distance>
      <Delay>0</Delay>
      <ApplyDelayEvery>0</ApplyDelayEvery>
      <SwitchEvery>5</SwitchEvery>
    </Wave>
  </Waves>
  <Player>
    <Money>0</Money>
    <Lives>5</Lives>
    <StartingPosition>
      <X>0</X>
      <Y>0</Y>
      <Z>0</Z>
    </StartingPosition>
    <BulletDamage>1</BulletDamage>
  </Player>
  <AvailableTurrets />
  <AvailablePowerUps />
  <Minerals>
    <Cash>0</Cash>
    <LifePacks>0</LifePacks>
  </Minerals>
  <HelpText>Fire at the enemies!</HelpText>
</Level>