<?xml version="1.0"?>
<Level xmlns:xsi="http://www.w3.org/2001/XMLSchema-instance" xmlns:xsd="http://www.w3.org/2001/XMLSchema">
  <Infos>
    <Id>10</Id>
    <Background>background11</Background>
  </Infos>
  <Objective>
    <CelestialBodyToProtect>8</CelestialBodyToProtect>
  </Objective>
  <PlanetarySystem>
    <CelestialBody xsi:type="AsteroidBeltCBDescriptor">
      <Images>
        <string>Asteroid</string>
        <string>Plutoid</string>
        <string>Meteoroid</string>
        <string>Swarm</string>
      </Images>
    </CelestialBody>
    <CelestialBody xsi:type="PlanetCBDescriptor">
      <Name>Planete2121687612</Name>
      <Images />
      <Image>planete11</Image>
      <HasGravitationalTurret>true</HasGravitationalTurret>
      <StartingTurrets />
      <Size>Normal</Size>
      <Speed>120000</Speed>
      <PathPriority>0</PathPriority>
      <Path>
        <X>86.9942551</X>
        <Y>-101.419762</Y>
        <Z>0</Z>
      </Path>
      <Position>
        <X>214.804108</X>
        <Y>193.174164</Y>
        <Z>0</Z>
      </Position>
      <Rotation>0</Rotation>
      <InBackground>false</InBackground>
      <CanSelect>true</CanSelect>
      <Invincible>false</Invincible>
      <StartingPosition>0</StartingPosition>
      <FollowPath>false</FollowPath>
      <HasMoons>true</HasMoons>
      <StraightLine>true</StraightLine>
    </CelestialBody>
    <CelestialBody xsi:type="PlanetCBDescriptor">
      <Name>Planete1110225112</Name>
      <Images />
      <Image>vaisseauAlien1</Image>
      <HasGravitationalTurret>true</HasGravitationalTurret>
      <StartingTurrets />
      <Size>Big</Size>
      <Speed>30000</Speed>
      <PathPriority>-4</PathPriority>
      <Path>
        <X>114.578171</X>
        <Y>-59.55129</Y>
        <Z>0</Z>
      </Path>
      <Position>
        <X>-405.784271</X>
        <Y>173.051117</Y>
        <Z>0</Z>
      </Position>
      <Rotation>0</Rotation>
      <InBackground>false</InBackground>
      <CanSelect>true</CanSelect>
      <Invincible>true</Invincible>
      <StartingPosition>0</StartingPosition>
      <FollowPath>false</FollowPath>
      <HasMoons>true</HasMoons>
      <StraightLine>false</StraightLine>
    </CelestialBody>
    <CelestialBody xsi:type="PlanetCBDescriptor">
      <Name>Planete1587768263</Name>
      <Images />
      <Image>planete7</Image>
      <HasGravitationalTurret>true</HasGravitationalTurret>
      <StartingTurrets />
      <Size>Big</Size>
      <Speed>360000</Speed>
      <PathPriority>8</PathPriority>
      <Path>
        <X>-99.80122</X>
        <Y>-96.0889359</Y>
        <Z>0</Z>
      </Path>
      <Position>
        <X>-77.72578</X>
        <Y>-41.5545044</Y>
        <Z>0</Z>
      </Position>
      <Rotation>0</Rotation>
      <InBackground>false</InBackground>
      <CanSelect>true</CanSelect>
      <Invincible>false</Invincible>
      <StartingPosition>0</StartingPosition>
      <FollowPath>false</FollowPath>
      <HasMoons>true</HasMoons>
      <StraightLine>false</StraightLine>
    </CelestialBody>
    <CelestialBody xsi:type="PlanetCBDescriptor">
      <Name>Planete1691362689</Name>
      <Images />
      <Image>planete4</Image>
      <HasGravitationalTurret>true</HasGravitationalTurret>
      <StartingTurrets />
      <Size>Normal</Size>
      <Speed>-2.14748365E+09</Speed>
      <PathPriority>7</PathPriority>
      <Path>
        <X>0</X>
        <Y>0</Y>
        <Z>0</Z>
      </Path>
      <Position>
        <X>-442.2279</X>
        <Y>-137.483643</Y>
        <Z>0</Z>
      </Position>
      <Rotation>0</Rotation>
      <InBackground>false</InBackground>
      <CanSelect>true</CanSelect>
      <Invincible>false</Invincible>
      <StartingPosition>0</StartingPosition>
      <FollowPath>false</FollowPath>
      <HasMoons>true</HasMoons>
      <StraightLine>false</StraightLine>
    </CelestialBody>
    <CelestialBody xsi:type="PlanetCBDescriptor">
      <Name>Planete959195649</Name>
      <Images />
      <Image>planete1</Image>
      <HasGravitationalTurret>true</HasGravitationalTurret>
      <StartingTurrets />
      <Size>Normal</Size>
      <Speed>60000</Speed>
      <PathPriority>2</PathPriority>
      <Path>
        <X>79.18543</X>
        <Y>-55.8464928</Y>
        <Z>0</Z>
      </Path>
      <Position>
        <X>365.962769</X>
        <Y>-52.9071159</Y>
        <Z>0</Z>
      </Position>
      <Rotation>0</Rotation>
      <InBackground>false</InBackground>
      <CanSelect>true</CanSelect>
      <Invincible>false</Invincible>
      <StartingPosition>0</StartingPosition>
      <FollowPath>false</FollowPath>
      <HasMoons>true</HasMoons>
      <StraightLine>false</StraightLine>
    </CelestialBody>
    <CelestialBody xsi:type="PlanetCBDescriptor">
      <Name>Planete883191503</Name>
      <Images />
      <Image>stationSpatiale1</Image>
      <HasGravitationalTurret>true</HasGravitationalTurret>
      <StartingTurrets />
      <Size>Normal</Size>
      <Speed>-2.14748365E+09</Speed>
      <PathPriority>6</PathPriority>
      <Path>
        <X>0</X>
        <Y>0</Y>
        <Z>0</Z>
      </Path>
      <Position>
        <X>-182.1199</X>
        <Y>-264.67157</Y>
        <Z>0</Z>
      </Position>
      <Rotation>0</Rotation>
      <InBackground>false</InBackground>
      <CanSelect>true</CanSelect>
      <Invincible>false</Invincible>
      <StartingPosition>0</StartingPosition>
      <FollowPath>false</FollowPath>
      <HasMoons>true</HasMoons>
      <StraightLine>true</StraightLine>
    </CelestialBody>
  </PlanetarySystem>
  <Waves>
    <Wave>
      <StartingTime>30000</StartingTime>
      <Enemies>
        <EnemyType>Meteoroid</EnemyType>
      </Enemies>
      <SpeedLevel>12</SpeedLevel>
      <LivesLevel>12</LivesLevel>
      <CashValue>20</CashValue>
      <Quantity>30</Quantity>
      <Distance>Normal</Distance>
      <Delay>0</Delay>
      <ApplyDelayEvery>-1</ApplyDelayEvery>
      <SwitchEvery>-1</SwitchEvery>
    </Wave>
    <Wave>
      <StartingTime>40000</StartingTime>
      <Enemies>
        <EnemyType>Asteroid</EnemyType>
      </Enemies>
      <SpeedLevel>8</SpeedLevel>
      <LivesLevel>8</LivesLevel>
      <CashValue>20</CashValue>
      <Quantity>30</Quantity>
      <Distance>Near</Distance>
      <Delay>4000</Delay>
      <ApplyDelayEvery>10</ApplyDelayEvery>
      <SwitchEvery>10</SwitchEvery>
    </Wave>
    <Wave>
      <StartingTime>30000</StartingTime>
      <Enemies>
        <EnemyType>Swarm</EnemyType>
      </Enemies>
      <SpeedLevel>20</SpeedLevel>
      <LivesLevel>20</LivesLevel>
      <CashValue>10</CashValue>
      <Quantity>150</Quantity>
      <Distance>Joined</Distance>
      <Delay>0</Delay>
      <ApplyDelayEvery>150</ApplyDelayEvery>
      <SwitchEvery>150</SwitchEvery>
    </Wave>
    <Wave>
      <StartingTime>50000</StartingTime>
      <Enemies>
        <EnemyType>Plutoid</EnemyType>
      </Enemies>
      <SpeedLevel>5</SpeedLevel>
      <LivesLevel>5</LivesLevel>
      <CashValue>15</CashValue>
      <Quantity>30</Quantity>
      <Distance>Normal</Distance>
      <Delay>0</Delay>
      <ApplyDelayEvery>30</ApplyDelayEvery>
      <SwitchEvery>30</SwitchEvery>
    </Wave>
  </Waves>
  <Player>
    <Money>900</Money>
    <Lives>3</Lives>
  </Player>
  <AvailableTurrets>
    <TurretType>MultipleLasers</TurretType>
  </AvailableTurrets>
  <AvailablePowerUps />
  <Minerals>
    <Cash>0</Cash>
    <LifePacks>0</LifePacks>
  </Minerals>
  <HelpTexts />
</Level>