<?xml version="1.0"?>
<Level xmlns:xsi="http://www.w3.org/2001/XMLSchema-instance" xmlns:xsd="http://www.w3.org/2001/XMLSchema">
  <Infos>
    <Id>14</Id>
    <Background>background13</Background>
  </Infos>
  <Objective>
    <CelestialBodyToProtect>2</CelestialBodyToProtect>
  </Objective>
  <PlanetarySystem>
    <CelestialBody xsi:type="AsteroidBeltCBDescriptor">
      <Images>
        <string>Comet</string>
        <string>Trojan</string>
      </Images>
    </CelestialBody>
    <CelestialBody xsi:type="PlanetCBDescriptor">
      <Name>Planete1001468076</Name>
      <Images />
      <Image>vaisseauAlien1</Image>
      <HasGravitationalTurret>true</HasGravitationalTurret>
      <StartingTurrets />
      <Size>Big</Size>
      <Speed>-2.14748365E+09</Speed>
      <PathPriority>0</PathPriority>
      <Path>
        <X>0</X>
        <Y>0</Y>
        <Z>0</Z>
      </Path>
      <Position>
        <X>-429.788666</X>
        <Y>149.42363</Y>
        <Z>0</Z>
      </Position>
      <Rotation>0</Rotation>
      <InBackground>false</InBackground>
      <CanSelect>true</CanSelect>
      <Invincible>false</Invincible>
      <StartingPosition>0</StartingPosition>
      <FollowPath>false</FollowPath>
      <HasMoons>false</HasMoons>
      <StraightLine>false</StraightLine>
    </CelestialBody>
    <CelestialBody xsi:type="PlanetCBDescriptor">
      <Name>Planete28448873</Name>
      <Images />
      <Image>planete7</Image>
      <HasGravitationalTurret>true</HasGravitationalTurret>
      <StartingTurrets />
      <Size>Big</Size>
      <Speed>120000</Speed>
      <PathPriority>2</PathPriority>
      <Path>
        <X>120.117088</X>
        <Y>44.0243378</Y>
        <Z>0</Z>
      </Path>
      <Position>
        <X>176.03511</X>
        <Y>112.663</Y>
        <Z>0</Z>
      </Position>
      <Rotation>0</Rotation>
      <InBackground>false</InBackground>
      <CanSelect>true</CanSelect>
      <Invincible>false</Invincible>
      <StartingPosition>0</StartingPosition>
      <FollowPath>false</FollowPath>
      <HasMoons>true</HasMoons>
      <StraightLine>false</StraightLine>
    </CelestialBody>
    <CelestialBody xsi:type="PlanetCBDescriptor">
      <Name>Planete413631623</Name>
      <Images />
      <Image>planete6</Image>
      <HasGravitationalTurret>true</HasGravitationalTurret>
      <StartingTurrets />
      <Size>Big</Size>
      <Speed>120000</Speed>
      <PathPriority>1</PathPriority>
      <Path>
        <X>53.60891</X>
        <Y>-33.46682</Y>
        <Z>0</Z>
      </Path>
      <Position>
        <X>-146.077988</X>
        <Y>-79.74265</Y>
        <Z>0</Z>
      </Position>
      <Rotation>0</Rotation>
      <InBackground>false</InBackground>
      <CanSelect>true</CanSelect>
      <Invincible>false</Invincible>
      <StartingPosition>0</StartingPosition>
      <FollowPath>false</FollowPath>
      <HasMoons>true</HasMoons>
      <StraightLine>false</StraightLine>
    </CelestialBody>
  </PlanetarySystem>
  <Waves>
    <Wave>
      <StartingTime>30000</StartingTime>
      <Enemies>
        <EnemyType>Comet</EnemyType>
      </Enemies>
      <SpeedLevel>1</SpeedLevel>
      <LivesLevel>1</LivesLevel>
      <CashValue>50</CashValue>
      <Quantity>10</Quantity>
      <Distance>Far</Distance>
      <Delay>0</Delay>
      <ApplyDelayEvery>0</ApplyDelayEvery>
      <SwitchEvery>5</SwitchEvery>
    </Wave>
    <Wave>
      <StartingTime>40000</StartingTime>
      <Enemies>
        <EnemyType>Trojan</EnemyType>
      </Enemies>
      <SpeedLevel>1</SpeedLevel>
      <LivesLevel>1</LivesLevel>
      <CashValue>5</CashValue>
      <Quantity>15</Quantity>
      <Distance>Normal</Distance>
      <Delay>0</Delay>
      <ApplyDelayEvery>0</ApplyDelayEvery>
      <SwitchEvery>5</SwitchEvery>
    </Wave>
  </Waves>
  <Player>
    <Money>300</Money>
    <Lives>3</Lives>
  </Player>
  <AvailableTurrets>
    <TurretType>Basic</TurretType>
    <TurretType>SlowMotion</TurretType>
  </AvailableTurrets>
  <AvailablePowerUps />
  <Minerals>
    <Cash>0</Cash>
    <LifePacks>0</LifePacks>
  </Minerals>
  <HelpTexts />
</Level>