<?xml version="1.0"?>
<Level xmlns:xsi="http://www.w3.org/2001/XMLSchema-instance" xmlns:xsd="http://www.w3.org/2001/XMLSchema">
  <Infos>
    <Id>51</Id>
    <Background>background6</Background>
  </Infos>
  <Objective>
    <CelestialBodyToProtect>0</CelestialBodyToProtect>
  </Objective>
  <PlanetarySystem>
    <CelestialBody xsi:type="AsteroidBeltCBDescriptor">
      <Images>
        <string>Asteroid</string>
        <string>Damacloid</string>
        <string>Comet</string>
        <string>Plutoid</string>
      </Images>
    </CelestialBody>
    <CelestialBody xsi:type="PlanetCBDescriptor">
      <Name>Planete1044787530</Name>
      <Images />
      <Image>stationSpatiale1</Image>
      <HasGravitationalTurret>false</HasGravitationalTurret>
      <StartingTurrets />
      <Size>Small</Size>
      <Speed>-2.14748365E+09</Speed>
      <PathPriority>-1</PathPriority>
      <Path>
        <X>0</X>
        <Y>0</Y>
        <Z>0</Z>
      </Path>
      <Position>
        <X>-303.840118</X>
        <Y>26.8800087</Y>
        <Z>0</Z>
      </Position>
      <Rotation>0</Rotation>
      <InBackground>false</InBackground>
      <CanSelect>true</CanSelect>
      <Invincible>false</Invincible>
      <StartingPosition>0</StartingPosition>
      <FollowPath>false</FollowPath>
      <HasMoons>true</HasMoons>
      <StraightLine>false</StraightLine>
    </CelestialBody>
    <CelestialBody xsi:type="PlanetCBDescriptor">
      <Name>Planete162660652</Name>
      <Images />
      <Image>planete7</Image>
      <HasGravitationalTurret>true</HasGravitationalTurret>
      <StartingTurrets />
      <Size>Big</Size>
      <Speed>-2.14748365E+09</Speed>
      <PathPriority>0</PathPriority>
      <Path>
        <X>0</X>
        <Y>0</Y>
        <Z>0</Z>
      </Path>
      <Position>
        <X>-11.11979</X>
        <Y>-3.35997677</Y>
        <Z>0</Z>
      </Position>
      <Rotation>0</Rotation>
      <InBackground>false</InBackground>
      <CanSelect>true</CanSelect>
      <Invincible>false</Invincible>
      <StartingPosition>0</StartingPosition>
      <FollowPath>false</FollowPath>
      <HasMoons>true</HasMoons>
      <StraightLine>false</StraightLine>
    </CelestialBody>
    <CelestialBody xsi:type="PlanetCBDescriptor">
      <Name>Planete1743163424</Name>
      <Images />
      <Image>stationSpatiale2</Image>
      <HasGravitationalTurret>false</HasGravitationalTurret>
      <StartingTurrets />
      <Size>Normal</Size>
      <Speed>-2.14748365E+09</Speed>
      <PathPriority>-3</PathPriority>
      <Path>
        <X>0</X>
        <Y>0</Y>
        <Z>0</Z>
      </Path>
      <Position>
        <X>262.5202</X>
        <Y>-55.0001564</Y>
        <Z>0</Z>
      </Position>
      <Rotation>0</Rotation>
      <InBackground>false</InBackground>
      <CanSelect>true</CanSelect>
      <Invincible>false</Invincible>
      <StartingPosition>0</StartingPosition>
      <FollowPath>false</FollowPath>
      <HasMoons>true</HasMoons>
      <StraightLine>false</StraightLine>
    </CelestialBody>
    <CelestialBody xsi:type="PlanetCBDescriptor">
      <Name>Planete537757366</Name>
      <Images />
      <Image>vaisseauAlien4</Image>
      <HasGravitationalTurret>true</HasGravitationalTurret>
      <StartingTurrets />
      <Size>Big</Size>
      <Speed>30000</Speed>
      <PathPriority>-5</PathPriority>
      <Path>
        <X>600</X>
        <Y>-375</Y>
        <Z>0</Z>
      </Path>
      <Position>
        <X>-14.7602062</X>
        <Y>-7.44020271</Y>
        <Z>0</Z>
      </Position>
      <Rotation>0</Rotation>
      <InBackground>false</InBackground>
      <CanSelect>true</CanSelect>
      <Invincible>false</Invincible>
      <StartingPosition>0</StartingPosition>
      <FollowPath>false</FollowPath>
      <HasMoons>true</HasMoons>
      <StraightLine>false</StraightLine>
    </CelestialBody>
  </PlanetarySystem>
  <Waves>
    <Wave>
      <StartingTime>30000</StartingTime>
      <Enemies>
        <EnemyType>Asteroid</EnemyType>
        <EnemyType>Plutoid</EnemyType>
      </Enemies>
      <SpeedLevel>2</SpeedLevel>
      <LivesLevel>2</LivesLevel>
      <CashValue>40</CashValue>
      <Quantity>100</Quantity>
      <Distance>Normal</Distance>
      <Delay>0</Delay>
      <ApplyDelayEvery>0</ApplyDelayEvery>
      <SwitchEvery>10</SwitchEvery>
    </Wave>
    <Wave>
      <StartingTime>60000</StartingTime>
      <Enemies>
        <EnemyType>Comet</EnemyType>
      </Enemies>
      <SpeedLevel>2</SpeedLevel>
      <LivesLevel>2</LivesLevel>
      <CashValue>20</CashValue>
      <Quantity>100</Quantity>
      <Distance>Far</Distance>
      <Delay>5000</Delay>
      <ApplyDelayEvery>10</ApplyDelayEvery>
      <SwitchEvery>5</SwitchEvery>
    </Wave>
    <Wave>
      <StartingTime>60000</StartingTime>
      <Enemies>
        <EnemyType>Damacloid</EnemyType>
      </Enemies>
      <SpeedLevel>10</SpeedLevel>
      <LivesLevel>10</LivesLevel>
      <CashValue>20</CashValue>
      <Quantity>50</Quantity>
      <Distance>Normal</Distance>
      <Delay>0</Delay>
      <ApplyDelayEvery>0</ApplyDelayEvery>
      <SwitchEvery>5</SwitchEvery>
    </Wave>
  </Waves>
  <Player>
    <Money>500</Money>
    <Lives>5</Lives>
    <StartingPosition>
      <X>0</X>
      <Y>0</Y>
      <Z>0</Z>
    </StartingPosition>
    <BulletDamage>5</BulletDamage>
  </Player>
  <AvailableTurrets>
    <TurretType>Laser</TurretType>
    <TurretType>Gravitational</TurretType>
    <TurretType>Basic</TurretType>
  </AvailableTurrets>
  <AvailablePowerUps />
  <Minerals>
    <Cash>0</Cash>
    <LifePacks>0</LifePacks>
  </Minerals>
  <HelpTexts />
</Level>