<?xml version="1.0"?>
<Level xmlns:xsi="http://www.w3.org/2001/XMLSchema-instance" xmlns:xsd="http://www.w3.org/2001/XMLSchema">
  <Infos>
    <Id>2</Id>
    <Background>background7</Background>
  </Infos>
  <Objective>
    <CelestialBodyToProtect>0</CelestialBodyToProtect>
  </Objective>
  <PlanetarySystem>
    <CelestialBody xsi:type="AsteroidBeltCBDescriptor">
      <Images>
        <string>Plutoid</string>
        <string>Asteroid</string>
      </Images>
    </CelestialBody>
    <CelestialBody xsi:type="PlanetCBDescriptor">
      <Name>Planete1078802989</Name>
      <Images />
      <Image>planete7</Image>
      <HasGravitationalTurret>true</HasGravitationalTurret>
      <StartingTurrets />
      <Size>Big</Size>
      <Speed>480000</Speed>
      <PathPriority>0</PathPriority>
      <Path>
        <X>136.857849</X>
        <Y>63.1214828</Y>
        <Z>0</Z>
      </Path>
      <Position>
        <X>-327.923737</X>
        <Y>88.25507</Y>
        <Z>0</Z>
      </Position>
      <Rotation>235</Rotation>
      <InBackground>false</InBackground>
      <CanSelect>true</CanSelect>
      <Invincible>false</Invincible>
      <StartingPosition>0</StartingPosition>
    </CelestialBody>
    <CelestialBody xsi:type="PlanetCBDescriptor">
      <Name>Planete215085480</Name>
      <Images />
      <Image>planete5</Image>
      <HasGravitationalTurret>true</HasGravitationalTurret>
      <StartingTurrets />
      <Size>Normal</Size>
      <Speed>600000</Speed>
      <PathPriority>-2</PathPriority>
      <Path>
        <X>-34.16546</X>
        <Y>173.889145</Y>
        <Z>0</Z>
      </Path>
      <Position>
        <X>2.99487972</X>
        <Y>-113.886673</Y>
        <Z>0</Z>
      </Position>
      <Rotation>-297</Rotation>
      <InBackground>false</InBackground>
      <CanSelect>true</CanSelect>
      <Invincible>false</Invincible>
      <StartingPosition>0</StartingPosition>
    </CelestialBody>
    <CelestialBody xsi:type="PlanetCBDescriptor">
      <Name>Planete931056583</Name>
      <Images />
      <Image>vaisseauAlien1</Image>
      <HasGravitationalTurret>true</HasGravitationalTurret>
      <StartingTurrets />
      <Size>Big</Size>
      <Speed>900000</Speed>
      <PathPriority>-3</PathPriority>
      <Path>
        <X>77.19414</X>
        <Y>-56.3448219</Y>
        <Z>0</Z>
      </Path>
      <Position>
        <X>443.0588</X>
        <Y>-18.322958</Y>
        <Z>0</Z>
      </Position>
      <Rotation>-319</Rotation>
      <InBackground>false</InBackground>
      <CanSelect>true</CanSelect>
      <Invincible>false</Invincible>
      <StartingPosition>0</StartingPosition>
    </CelestialBody>
  </PlanetarySystem>
  <Waves>
    <Wave>
      <StartingTime>30000</StartingTime>
      <Enemies>
        <EnemyType>Asteroid</EnemyType>
      </Enemies>
      <SpeedLevel>2</SpeedLevel>
      <LivesLevel>2</LivesLevel>
      <CashValue>15</CashValue>
      <Quantity>30</Quantity>
      <Distance>Normal</Distance>
      <Delay>0</Delay>
      <ApplyDelayEvery>-1</ApplyDelayEvery>
      <SwitchEvery>-1</SwitchEvery>
    </Wave>
    <Wave>
      <StartingTime>80000</StartingTime>
      <Enemies>
        <EnemyType>Plutoid</EnemyType>
      </Enemies>
      <SpeedLevel>1</SpeedLevel>
      <LivesLevel>1</LivesLevel>
      <CashValue>10</CashValue>
      <Quantity>25</Quantity>
      <Distance>Normal</Distance>
      <Delay>0</Delay>
      <ApplyDelayEvery>-1</ApplyDelayEvery>
      <SwitchEvery>-1</SwitchEvery>
    </Wave>
  </Waves>
  <Player>
    <Money>200</Money>
    <Lives>3</Lives>
  </Player>
  <AvailableTurrets>
    <TurretType>Basic</TurretType>
  </AvailableTurrets>
  <AvailablePowerUps />
  <Minerals>
    <Cash>0</Cash>
    <LifePacks>0</LifePacks>
  </Minerals>
  <HelpText>A new turret is available!</HelpText>
</Level>