<?xml version="1.0"?>
<Level xmlns:xsi="http://www.w3.org/2001/XMLSchema-instance" xmlns:xsd="http://www.w3.org/2001/XMLSchema">
  <Infos>
    <Id>52</Id>
    <Background>background5</Background>
  </Infos>
  <Objective>
    <CelestialBodyToProtect>5</CelestialBodyToProtect>
  </Objective>
  <PlanetarySystem>
    <CelestialBody xsi:type="AsteroidBeltCBDescriptor">
      <Images>
        <string>Asteroid</string>
        <string>Meteoroid</string>
        <string>Comet</string>
        <string>Plutoid</string>
      </Images>
    </CelestialBody>
    <CelestialBody xsi:type="PlanetCBDescriptor">
      <Name>Planete1782928116</Name>
      <Images />
      <Image>planete7</Image>
      <HasGravitationalTurret>true</HasGravitationalTurret>
      <StartingTurrets />
      <Size>Big</Size>
      <Speed>60000</Speed>
      <PathPriority>5</PathPriority>
      <Path>
        <X>45</X>
        <Y>-60</Y>
        <Z>0</Z>
      </Path>
      <Position>
        <X>55.0802879</X>
        <Y>139.559784</Y>
        <Z>0</Z>
      </Position>
      <Rotation>0</Rotation>
      <InBackground>false</InBackground>
      <CanSelect>true</CanSelect>
      <Invincible>false</Invincible>
      <StartingPosition>0</StartingPosition>
      <FollowPath>false</FollowPath>
      <HasMoons>true</HasMoons>
      <StraightLine>false</StraightLine>
    </CelestialBody>
    <CelestialBody xsi:type="PlanetCBDescriptor">
      <Name>Planete2030456781</Name>
      <Images />
      <Image>vaisseauAlien2</Image>
      <HasGravitationalTurret>true</HasGravitationalTurret>
      <StartingTurrets />
      <Size>Big</Size>
      <Speed>120000</Speed>
      <PathPriority>-3</PathPriority>
      <Path>
        <X>45</X>
        <Y>-45</Y>
        <Z>0</Z>
      </Path>
      <Position>
        <X>-470.439941</X>
        <Y>-188.319565</Y>
        <Z>0</Z>
      </Position>
      <Rotation>0</Rotation>
      <InBackground>false</InBackground>
      <CanSelect>true</CanSelect>
      <Invincible>false</Invincible>
      <StartingPosition>0</StartingPosition>
      <FollowPath>false</FollowPath>
      <HasMoons>true</HasMoons>
      <StraightLine>false</StraightLine>
    </CelestialBody>
    <CelestialBody xsi:type="PlanetCBDescriptor">
      <Name>Planete1530349083</Name>
      <Images />
      <Image>planete3</Image>
      <HasGravitationalTurret>true</HasGravitationalTurret>
      <StartingTurrets />
      <Size>Big</Size>
      <Speed>60000</Speed>
      <PathPriority>2</PathPriority>
      <Path>
        <X>-30</X>
        <Y>-15</Y>
        <Z>0</Z>
      </Path>
      <Position>
        <X>374.640137</X>
        <Y>148.080444</Y>
        <Z>0</Z>
      </Position>
      <Rotation>0</Rotation>
      <InBackground>false</InBackground>
      <CanSelect>true</CanSelect>
      <Invincible>false</Invincible>
      <StartingPosition>0</StartingPosition>
      <FollowPath>false</FollowPath>
      <HasMoons>true</HasMoons>
      <StraightLine>false</StraightLine>
    </CelestialBody>
    <CelestialBody xsi:type="PlanetCBDescriptor">
      <Name>Planete821870791</Name>
      <Images />
      <Image>stationSpatiale1</Image>
      <HasGravitationalTurret>true</HasGravitationalTurret>
      <StartingTurrets />
      <Size>Normal</Size>
      <Speed>120000</Speed>
      <PathPriority>1</PathPriority>
      <Path>
        <X>-30</X>
        <Y>0</Y>
        <Z>0</Z>
      </Path>
      <Position>
        <X>339.8001</X>
        <Y>-189.720154</Y>
        <Z>0</Z>
      </Position>
      <Rotation>0</Rotation>
      <InBackground>false</InBackground>
      <CanSelect>true</CanSelect>
      <Invincible>false</Invincible>
      <StartingPosition>0</StartingPosition>
      <FollowPath>false</FollowPath>
      <HasMoons>true</HasMoons>
      <StraightLine>false</StraightLine>
    </CelestialBody>
    <CelestialBody xsi:type="PlanetCBDescriptor">
      <Name>Planete1470992225</Name>
      <Images />
      <Image>planete1</Image>
      <HasGravitationalTurret>true</HasGravitationalTurret>
      <StartingTurrets />
      <Size>Big</Size>
      <Speed>360000</Speed>
      <PathPriority>3</PathPriority>
      <Path>
        <X>30</X>
        <Y>-45</Y>
        <Z>0</Z>
      </Path>
      <Position>
        <X>-454.520233</X>
        <Y>84.28003</Y>
        <Z>0</Z>
      </Position>
      <Rotation>0</Rotation>
      <InBackground>false</InBackground>
      <CanSelect>true</CanSelect>
      <Invincible>false</Invincible>
      <StartingPosition>0</StartingPosition>
      <FollowPath>false</FollowPath>
      <HasMoons>true</HasMoons>
      <StraightLine>false</StraightLine>
    </CelestialBody>
    <CelestialBody xsi:type="PlanetCBDescriptor">
      <Name>Planete1924860122</Name>
      <Images />
      <Image>planete12</Image>
      <HasGravitationalTurret>true</HasGravitationalTurret>
      <StartingTurrets />
      <Size>Small</Size>
      <Speed>240000</Speed>
      <PathPriority>4</PathPriority>
      <Path>
        <X>30</X>
        <Y>0</Y>
        <Z>0</Z>
      </Path>
      <Position>
        <X>-246.2401</X>
        <Y>201.000183</Y>
        <Z>0</Z>
      </Position>
      <Rotation>0</Rotation>
      <InBackground>false</InBackground>
      <CanSelect>true</CanSelect>
      <Invincible>false</Invincible>
      <StartingPosition>0</StartingPosition>
      <FollowPath>false</FollowPath>
      <HasMoons>true</HasMoons>
      <StraightLine>false</StraightLine>
    </CelestialBody>
  </PlanetarySystem>
  <Waves>
    <Wave>
      <StartingTime>30000</StartingTime>
      <Enemies>
        <EnemyType>Asteroid</EnemyType>
        <EnemyType>Plutoid</EnemyType>
      </Enemies>
      <SpeedLevel>5</SpeedLevel>
      <LivesLevel>5</LivesLevel>
      <CashValue>20</CashValue>
      <Quantity>80</Quantity>
      <Distance>Normal</Distance>
      <Delay>0</Delay>
      <ApplyDelayEvery>0</ApplyDelayEvery>
      <SwitchEvery>20</SwitchEvery>
    </Wave>
    <Wave>
      <StartingTime>80000</StartingTime>
      <Enemies>
        <EnemyType>Comet</EnemyType>
      </Enemies>
      <SpeedLevel>10</SpeedLevel>
      <LivesLevel>10</LivesLevel>
      <CashValue>30</CashValue>
      <Quantity>50</Quantity>
      <Distance>Near</Distance>
      <Delay>10000</Delay>
      <ApplyDelayEvery>10</ApplyDelayEvery>
      <SwitchEvery>5</SwitchEvery>
    </Wave>
    <Wave>
      <StartingTime>60000</StartingTime>
      <Enemies>
        <EnemyType>Meteoroid</EnemyType>
      </Enemies>
      <SpeedLevel>28</SpeedLevel>
      <LivesLevel>28</LivesLevel>
      <CashValue>30</CashValue>
      <Quantity>200</Quantity>
      <Distance>Near</Distance>
      <Delay>5000</Delay>
      <ApplyDelayEvery>20</ApplyDelayEvery>
      <SwitchEvery>5</SwitchEvery>
    </Wave>
  </Waves>
  <Player>
    <Money>1000</Money>
    <Lives>10</Lives>
    <StartingPosition>
      <X>0</X>
      <Y>0</Y>
      <Z>0</Z>
    </StartingPosition>
    <BulletDamage>5</BulletDamage>
  </Player>
  <AvailableTurrets>
    <TurretType>Basic</TurretType>
  </AvailableTurrets>
  <AvailablePowerUps />
  <Minerals>
    <Cash>0</Cash>
    <LifePacks>0</LifePacks>
  </Minerals>
  <HelpTexts />
</Level>