<?xml version="1.0"?>
<Level xmlns:xsi="http://www.w3.org/2001/XMLSchema-instance" xmlns:xsd="http://www.w3.org/2001/XMLSchema">
  <Infos>
    <Id>3</Id>
    <Background>background5</Background>
  </Infos>
  <Objective>
    <CelestialBodyToProtect>2</CelestialBodyToProtect>
  </Objective>
  <PlanetarySystem>
    <CelestialBody xsi:type="AsteroidBeltCBDescriptor">
      <Name>Asteroid belt</Name>
      <Images>
        <string>Comet</string>
        <string>Comet</string>
      </Images>
    </CelestialBody>
    <CelestialBody xsi:type="PlanetCBDescriptor">
      <Name>Planete1959142758</Name>
      <Images />
      <Image>vaisseauAlien1</Image>
      <HasGravitationalTurret>true</HasGravitationalTurret>
      <StartingTurrets />
      <Size>Big</Size>
      <Speed>120000</Speed>
      <PathPriority>-2</PathPriority>
      <Path>
        <X>46</X>
        <Y>52</Y>
        <Z>0</Z>
      </Path>
      <Position>
        <X>-345.7652</X>
        <Y>142.11882</Y>
        <Z>0</Z>
      </Position>
      <Rotation>-182</Rotation>
      <InBackground>false</InBackground>
      <CanSelect>true</CanSelect>
      <Invincible>false</Invincible>
      <StartingPosition>0</StartingPosition>
    </CelestialBody>
    <CelestialBody xsi:type="PlanetCBDescriptor">
      <Name>Planete1136464968</Name>
      <Images />
      <Image>planete4</Image>
      <HasGravitationalTurret>true</HasGravitationalTurret>
      <StartingTurrets />
      <Size>Normal</Size>
      <Speed>360000</Speed>
      <PathPriority>1</PathPriority>
      <Path>
        <X>83</X>
        <Y>-65</Y>
        <Z>0</Z>
      </Path>
      <Position>
        <X>399.9736</X>
        <Y>47.53396</Y>
        <Z>0</Z>
      </Position>
      <Rotation>-52</Rotation>
      <InBackground>false</InBackground>
      <CanSelect>true</CanSelect>
      <Invincible>false</Invincible>
      <StartingPosition>0</StartingPosition>
    </CelestialBody>
    <CelestialBody xsi:type="PlanetCBDescriptor">
      <Name>Planete1162539812</Name>
      <Images />
      <Image>planete7</Image>
      <HasGravitationalTurret>true</HasGravitationalTurret>
      <StartingTurrets />
      <Size>Big</Size>
      <Speed>60000</Speed>
      <PathPriority>2</PathPriority>
      <Path>
        <X>90.67124</X>
        <Y>-63.381012</Y>
        <Z>0</Z>
      </Path>
      <Position>
        <X>-353.547577</X>
        <Y>-152.82515</Y>
        <Z>0</Z>
      </Position>
      <Rotation>-284</Rotation>
      <InBackground>false</InBackground>
      <CanSelect>true</CanSelect>
      <Invincible>false</Invincible>
      <StartingPosition>0</StartingPosition>
    </CelestialBody>
    <CelestialBody xsi:type="PlanetCBDescriptor">
      <Name>Planete1925303625</Name>
      <Images />
      <Image>planete3</Image>
      <HasGravitationalTurret>true</HasGravitationalTurret>
      <StartingTurrets />
      <Size>Normal</Size>
      <Speed>240000</Speed>
      <PathPriority>-1</PathPriority>
      <Path>
        <X>-51.6258163</X>
        <Y>18.8811111</Y>
        <Z>0</Z>
      </Path>
      <Position>
        <X>152.653381</X>
        <Y>181.379608</Y>
        <Z>0</Z>
      </Position>
      <Rotation>-104</Rotation>
      <InBackground>false</InBackground>
      <CanSelect>true</CanSelect>
      <Invincible>false</Invincible>
      <StartingPosition>0</StartingPosition>
    </CelestialBody>
  </PlanetarySystem>
  <Waves>
    <Wave>
      <StartingTime>30000</StartingTime>
      <Enemies>
        <EnemyType>Comet</EnemyType>
      </Enemies>
      <SpeedLevel>1</SpeedLevel>
      <LivesLevel>1</LivesLevel>
      <CashValue>10</CashValue>
      <Quantity>10</Quantity>
      <Distance>Far</Distance>
      <Delay>0</Delay>
      <ApplyDelayEvery>-1</ApplyDelayEvery>
      <SwitchEvery>-1</SwitchEvery>
    </Wave>
    <Wave>
      <StartingTime>50000</StartingTime>
      <Enemies>
        <EnemyType>Comet</EnemyType>
      </Enemies>
      <SpeedLevel>2</SpeedLevel>
      <LivesLevel>2</LivesLevel>
      <CashValue>10</CashValue>
      <Quantity>20</Quantity>
      <Distance>Far</Distance>
      <Delay>0</Delay>
      <ApplyDelayEvery>-1</ApplyDelayEvery>
      <SwitchEvery>-1</SwitchEvery>
    </Wave>
  </Waves>
  <Player>
    <Money>300</Money>
    <Lives>3</Lives>
  </Player>
  <AvailableTurrets>
    <TurretType>Laser</TurretType>
  </AvailableTurrets>
  <AvailablePowerUps />
  <Minerals>
    <Cash>0</Cash>
    <LifePacks>0</LifePacks>
  </Minerals>
  <HelpText>A new turret is available!</HelpText>
</Level>