<?xml version="1.0"?>
<Level xmlns:xsi="http://www.w3.org/2001/XMLSchema-instance" xmlns:xsd="http://www.w3.org/2001/XMLSchema">
  <Infos>
    <Id>50</Id>
    <Background>background9</Background>
  </Infos>
  <Objective>
    <CelestialBodyToProtect>2</CelestialBodyToProtect>
  </Objective>
  <PlanetarySystem>
    <CelestialBody xsi:type="AsteroidBeltCBDescriptor">
      <Name>Asteroid belt</Name>
      <Images>
        <string>Comet</string>
        <string>Damacloid</string>
        <string>Centaur</string>
        <string>Trojan</string>
        <string>Vulcanoid</string>
        <string>Swarm</string>
        <string>Asteroid</string>
        <string>Meteoroid</string>
        <string>Plutoid</string>
      </Images>
    </CelestialBody>
    <CelestialBody xsi:type="PlanetCBDescriptor">
      <Name>Planete119305149</Name>
      <Images />
      <Image>planete7</Image>
      <HasGravitationalTurret>true</HasGravitationalTurret>
      <StartingTurrets />
      <Size>Big</Size>
      <Speed>60000</Speed>
      <PathPriority>2</PathPriority>
      <Path>
        <X>60</X>
        <Y>-60</Y>
        <Z>0</Z>
      </Path>
      <Position>
        <X>-271.080078</X>
        <Y>-134.240128</Y>
        <Z>0</Z>
      </Position>
      <Rotation>0</Rotation>
      <InBackground>false</InBackground>
      <CanSelect>true</CanSelect>
      <Invincible>false</Invincible>
      <StartingPosition>0</StartingPosition>
      <FollowPath>false</FollowPath>
      <HasMoons>true</HasMoons>
      <StraightLine>false</StraightLine>
    </CelestialBody>
    <CelestialBody xsi:type="PlanetCBDescriptor">
      <Name>Planete2051553037</Name>
      <Images />
      <Image>planete5</Image>
      <HasGravitationalTurret>true</HasGravitationalTurret>
      <StartingTurrets />
      <Size>Small</Size>
      <Speed>360000</Speed>
      <PathPriority>-2</PathPriority>
      <Path>
        <X>0</X>
        <Y>-45</Y>
        <Z>0</Z>
      </Path>
      <Position>
        <X>-189.319962</X>
        <Y>180.560333</Y>
        <Z>0</Z>
      </Position>
      <Rotation>0</Rotation>
      <InBackground>false</InBackground>
      <CanSelect>true</CanSelect>
      <Invincible>false</Invincible>
      <StartingPosition>0</StartingPosition>
      <FollowPath>false</FollowPath>
      <HasMoons>true</HasMoons>
      <StraightLine>false</StraightLine>
    </CelestialBody>
    <CelestialBody xsi:type="PlanetCBDescriptor">
      <Name>Planete568265096</Name>
      <Images />
      <Image>vaisseauAlien3</Image>
      <HasGravitationalTurret>true</HasGravitationalTurret>
      <StartingTurrets />
      <Size>Big</Size>
      <Speed>120000</Speed>
      <PathPriority>-9</PathPriority>
      <Path>
        <X>-45</X>
        <Y>0</Y>
        <Z>0</Z>
      </Path>
      <Position>
        <X>497.159851</X>
        <Y>190.8402</Y>
        <Z>0</Z>
      </Position>
      <Rotation>0</Rotation>
      <InBackground>false</InBackground>
      <CanSelect>true</CanSelect>
      <Invincible>false</Invincible>
      <StartingPosition>0</StartingPosition>
      <FollowPath>false</FollowPath>
      <HasMoons>true</HasMoons>
      <StraightLine>false</StraightLine>
    </CelestialBody>
    <CelestialBody xsi:type="PlanetCBDescriptor">
      <Name>Planete1445635485</Name>
      <Images />
      <Image>planete3</Image>
      <HasGravitationalTurret>true</HasGravitationalTurret>
      <StartingTurrets />
      <Size>Normal</Size>
      <Speed>10000</Speed>
      <PathPriority>1</PathPriority>
      <Path>
        <X>90</X>
        <Y>-30</Y>
        <Z>0</Z>
      </Path>
      <Position>
        <X>391.759949</X>
        <Y>-130.600067</Y>
        <Z>0</Z>
      </Position>
      <Rotation>0</Rotation>
      <InBackground>false</InBackground>
      <CanSelect>true</CanSelect>
      <Invincible>false</Invincible>
      <StartingPosition>0</StartingPosition>
      <FollowPath>false</FollowPath>
      <HasMoons>true</HasMoons>
      <StraightLine>false</StraightLine>
    </CelestialBody>
    <CelestialBody xsi:type="PlanetCBDescriptor">
      <Name>Planete128956365</Name>
      <Images />
      <Image>planete11</Image>
      <HasGravitationalTurret>false</HasGravitationalTurret>
      <StartingTurrets />
      <Size>Normal</Size>
      <Speed>240000</Speed>
      <PathPriority>-5</PathPriority>
      <Path>
        <X>45</X>
        <Y>-75</Y>
        <Z>0</Z>
      </Path>
      <Position>
        <X>-472.680176</X>
        <Y>159.080154</Y>
        <Z>0</Z>
      </Position>
      <Rotation>0</Rotation>
      <InBackground>false</InBackground>
      <CanSelect>true</CanSelect>
      <Invincible>false</Invincible>
      <StartingPosition>0</StartingPosition>
      <FollowPath>false</FollowPath>
      <HasMoons>true</HasMoons>
      <StraightLine>false</StraightLine>
    </CelestialBody>
    <CelestialBody xsi:type="PlanetCBDescriptor">
      <Name>Planete1268100489</Name>
      <Images />
      <Image>planete6</Image>
      <HasGravitationalTurret>false</HasGravitationalTurret>
      <StartingTurrets />
      <Size>Normal</Size>
      <Speed>60000</Speed>
      <PathPriority>-10</PathPriority>
      <Path>
        <X>60</X>
        <Y>0</Y>
        <Z>0</Z>
      </Path>
      <Position>
        <X>33.8800163</X>
        <Y>-98.40004</Y>
        <Z>0</Z>
      </Position>
      <Rotation>3.14159274</Rotation>
      <InBackground>false</InBackground>
      <CanSelect>true</CanSelect>
      <Invincible>false</Invincible>
      <StartingPosition>0</StartingPosition>
      <FollowPath>false</FollowPath>
      <HasMoons>true</HasMoons>
      <StraightLine>false</StraightLine>
    </CelestialBody>
    <CelestialBody xsi:type="PlanetCBDescriptor">
      <Name>Planete271911717</Name>
      <Images />
      <Image>stationSpatiale2</Image>
      <HasGravitationalTurret>false</HasGravitationalTurret>
      <StartingTurrets />
      <Size>Normal</Size>
      <Speed>-2.14748365E+09</Speed>
      <PathPriority>-11</PathPriority>
      <Path>
        <X>0</X>
        <Y>0</Y>
        <Z>0</Z>
      </Path>
      <Position>
        <X>-452.0801</X>
        <Y>-81.8000641</Y>
        <Z>0</Z>
      </Position>
      <Rotation>0</Rotation>
      <InBackground>false</InBackground>
      <CanSelect>true</CanSelect>
      <Invincible>false</Invincible>
      <StartingPosition>0</StartingPosition>
      <FollowPath>false</FollowPath>
      <HasMoons>true</HasMoons>
      <StraightLine>false</StraightLine>
    </CelestialBody>
  </PlanetarySystem>
  <Waves>
    <Wave>
      <StartingTime>30000</StartingTime>
      <Enemies>
        <EnemyType>Plutoid</EnemyType>
      </Enemies>
      <SpeedLevel>2</SpeedLevel>
      <LivesLevel>2</LivesLevel>
      <CashValue>20</CashValue>
      <Quantity>50</Quantity>
      <Distance>Normal</Distance>
      <Delay>0</Delay>
      <ApplyDelayEvery>0</ApplyDelayEvery>
      <SwitchEvery>5</SwitchEvery>
    </Wave>
    <Wave>
      <StartingTime>30000</StartingTime>
      <Enemies>
        <EnemyType>Comet</EnemyType>
        <EnemyType>Trojan</EnemyType>
      </Enemies>
      <SpeedLevel>2</SpeedLevel>
      <LivesLevel>2</LivesLevel>
      <CashValue>25</CashValue>
      <Quantity>30</Quantity>
      <Distance>Near</Distance>
      <Delay>5000</Delay>
      <ApplyDelayEvery>10</ApplyDelayEvery>
      <SwitchEvery>10</SwitchEvery>
    </Wave>
    <Wave>
      <StartingTime>40000</StartingTime>
      <Enemies>
        <EnemyType>Centaur</EnemyType>
      </Enemies>
      <SpeedLevel>11</SpeedLevel>
      <LivesLevel>11</LivesLevel>
      <CashValue>25</CashValue>
      <Quantity>30</Quantity>
      <Distance>Normal</Distance>
      <Delay>0</Delay>
      <ApplyDelayEvery>0</ApplyDelayEvery>
      <SwitchEvery>5</SwitchEvery>
    </Wave>
    <Wave>
      <StartingTime>40000</StartingTime>
      <Enemies>
        <EnemyType>Asteroid</EnemyType>
        <EnemyType>Meteoroid</EnemyType>
        <EnemyType>Plutoid</EnemyType>
        <EnemyType>Vulcanoid</EnemyType>
      </Enemies>
      <SpeedLevel>20</SpeedLevel>
      <LivesLevel>20</LivesLevel>
      <CashValue>30</CashValue>
      <Quantity>50</Quantity>
      <Distance>Normal</Distance>
      <Delay>5000</Delay>
      <ApplyDelayEvery>5</ApplyDelayEvery>
      <SwitchEvery>5</SwitchEvery>
    </Wave>
    <Wave>
      <StartingTime>40000</StartingTime>
      <Enemies>
        <EnemyType>Swarm</EnemyType>
      </Enemies>
      <SpeedLevel>30</SpeedLevel>
      <LivesLevel>30</LivesLevel>
      <CashValue>20</CashValue>
      <Quantity>100</Quantity>
      <Distance>Joined</Distance>
      <Delay>5000</Delay>
      <ApplyDelayEvery>20</ApplyDelayEvery>
      <SwitchEvery>5</SwitchEvery>
    </Wave>
    <Wave>
      <StartingTime>30000</StartingTime>
      <Enemies>
        <EnemyType>Asteroid</EnemyType>
        <EnemyType>Centaur</EnemyType>
        <EnemyType>Comet</EnemyType>
        <EnemyType>Meteoroid</EnemyType>
        <EnemyType>Plutoid</EnemyType>
        <EnemyType>Trojan</EnemyType>
        <EnemyType>Damacloid</EnemyType>
        <EnemyType>Vulcanoid</EnemyType>
        <EnemyType>Swarm</EnemyType>
      </Enemies>
      <SpeedLevel>25</SpeedLevel>
      <LivesLevel>25</LivesLevel>
      <CashValue>20</CashValue>
      <Quantity>100</Quantity>
      <Distance>Normal</Distance>
      <Delay>0</Delay>
      <ApplyDelayEvery>0</ApplyDelayEvery>
      <SwitchEvery>5</SwitchEvery>
    </Wave>
  </Waves>
  <Player>
    <Money>1500</Money>
    <Lives>10</Lives>
    <StartingPosition>
      <X>0</X>
      <Y>0</Y>
      <Z>0</Z>
    </StartingPosition>
    <BulletDamage>1</BulletDamage>
  </Player>
  <AvailableTurrets>
    <TurretType>Gravitational</TurretType>
    <TurretType>SlowMotion</TurretType>
    <TurretType>Missile</TurretType>
    <TurretType>Basic</TurretType>
    <TurretType>MultipleLasers</TurretType>
    <TurretType>Laser</TurretType>
  </AvailableTurrets>
  <AvailablePowerUps />
  <Minerals>
    <Cash>0</Cash>
    <LifePacks>0</LifePacks>
  </Minerals>
  <HelpTexts />
</Level>