<?xml version="1.0"?>
<Level xmlns:xsi="http://www.w3.org/2001/XMLSchema-instance" xmlns:xsd="http://www.w3.org/2001/XMLSchema">
  <Infos>
    <Id>7</Id>
    <Background>background10</Background>
  </Infos>
  <Objective>
    <CelestialBodyToProtect>3</CelestialBodyToProtect>
  </Objective>
  <PlanetarySystem>
    <CelestialBody xsi:type="AsteroidBeltCBDescriptor">
      <Images>
        <string>Plutoid</string>
        <string>Asteroid</string>
        <string>Centaur</string>
      </Images>
    </CelestialBody>
    <CelestialBody xsi:type="PlanetCBDescriptor">
      <Name>Planete570246794</Name>
      <Images />
      <Image>vaisseauAlien1</Image>
      <HasGravitationalTurret>true</HasGravitationalTurret>
      <StartingTurrets />
      <Size>Big</Size>
      <Speed>60000</Speed>
      <PathPriority>-7</PathPriority>
      <Path>
        <X>-70.77614</X>
        <Y>-33.0436249</Y>
        <Z>0</Z>
      </Path>
      <Position>
        <X>-442.963867</X>
        <Y>-78.9042</Y>
        <Z>0</Z>
      </Position>
      <Rotation>69</Rotation>
      <InBackground>false</InBackground>
      <CanSelect>true</CanSelect>
      <Invincible>false</Invincible>
      <StartingPosition>0</StartingPosition>
    </CelestialBody>
    <CelestialBody xsi:type="PlanetCBDescriptor">
      <Name>Planete1732104763</Name>
      <Images />
      <Image>planete4</Image>
      <HasGravitationalTurret>true</HasGravitationalTurret>
      <StartingTurrets />
      <Size>Normal</Size>
      <Speed>480000</Speed>
      <PathPriority>-1</PathPriority>
      <Path>
        <X>-45.53804</X>
        <Y>-59.64757</Y>
        <Z>0</Z>
      </Path>
      <Position>
        <X>-324.799622</X>
        <Y>161.475708</Y>
        <Z>0</Z>
      </Position>
      <Rotation>27</Rotation>
      <InBackground>false</InBackground>
      <CanSelect>true</CanSelect>
      <Invincible>false</Invincible>
      <StartingPosition>0</StartingPosition>
    </CelestialBody>
    <CelestialBody xsi:type="PlanetCBDescriptor">
      <Name>Planete1569444026</Name>
      <Images />
      <Image>planete5</Image>
      <HasGravitationalTurret>true</HasGravitationalTurret>
      <StartingTurrets />
      <Size>Normal</Size>
      <Speed>360000</Speed>
      <PathPriority>1</PathPriority>
      <Path>
        <X>42.3959465</X>
        <Y>-21.1007538</Y>
        <Z>0</Z>
      </Path>
      <Position>
        <X>-123.960823</X>
        <Y>-161.205643</Y>
        <Z>0</Z>
      </Position>
      <Rotation>-2.41424274</Rotation>
      <InBackground>false</InBackground>
      <CanSelect>true</CanSelect>
      <Invincible>false</Invincible>
      <StartingPosition>0</StartingPosition>
    </CelestialBody>
    <CelestialBody xsi:type="PlanetCBDescriptor">
      <Name>Planete641717695</Name>
      <Images />
      <Image>planete7</Image>
      <HasGravitationalTurret>true</HasGravitationalTurret>
      <StartingTurrets />
      <Size>Big</Size>
      <Speed>240000</Speed>
      <PathPriority>3</PathPriority>
      <Path>
        <X>78.7023239</X>
        <Y>-55.0616226</Y>
        <Z>0</Z>
      </Path>
      <Position>
        <X>431.2117</X>
        <Y>35.17582</Y>
        <Z>0</Z>
      </Position>
      <Rotation>-17</Rotation>
      <InBackground>false</InBackground>
      <CanSelect>true</CanSelect>
      <Invincible>false</Invincible>
      <StartingPosition>0</StartingPosition>
    </CelestialBody>
    <CelestialBody xsi:type="PlanetCBDescriptor">
      <Name>Planete2115065026</Name>
      <Images />
      <Image>planete1</Image>
      <HasGravitationalTurret>true</HasGravitationalTurret>
      <StartingTurrets />
      <Size>Normal</Size>
      <Speed>240000</Speed>
      <PathPriority>0</PathPriority>
      <Path>
        <X>-29.9446487</X>
        <Y>-30.2810574</Y>
        <Z>0</Z>
      </Path>
      <Position>
        <X>32.0399742</X>
        <Y>141.605225</Y>
        <Z>0</Z>
      </Position>
      <Rotation>-154</Rotation>
      <InBackground>false</InBackground>
      <CanSelect>true</CanSelect>
      <Invincible>false</Invincible>
      <StartingPosition>0</StartingPosition>
    </CelestialBody>
    <CelestialBody xsi:type="PlanetCBDescriptor">
      <Name>Planete1983639125</Name>
      <Images />
      <Image>planete1</Image>
      <HasGravitationalTurret>true</HasGravitationalTurret>
      <StartingTurrets />
      <Size>Small</Size>
      <Speed>60000</Speed>
      <PathPriority>2</PathPriority>
      <Path>
        <X>-57.73381</X>
        <Y>48.495327</Y>
        <Z>0</Z>
      </Path>
      <Position>
        <X>205.008591</X>
        <Y>-171.546631</Y>
        <Z>0</Z>
      </Position>
      <Rotation>273</Rotation>
      <InBackground>false</InBackground>
      <CanSelect>true</CanSelect>
      <Invincible>false</Invincible>
      <StartingPosition>0</StartingPosition>
    </CelestialBody>
  </PlanetarySystem>
  <Waves>
    <Wave>
      <StartingTime>30000</StartingTime>
      <Enemies>
        <EnemyType>Plutoid</EnemyType>
      </Enemies>
      <SpeedLevel>1</SpeedLevel>
      <LivesLevel>1</LivesLevel>
      <CashValue>20</CashValue>
      <Quantity>30</Quantity>
      <Distance>Far</Distance>
      <Delay>0</Delay>
      <ApplyDelayEvery>-1</ApplyDelayEvery>
      <SwitchEvery>-1</SwitchEvery>
    </Wave>
    <Wave>
      <StartingTime>50000</StartingTime>
      <Enemies>
        <EnemyType>Asteroid</EnemyType>
      </Enemies>
      <SpeedLevel>6</SpeedLevel>
      <LivesLevel>6</LivesLevel>
      <CashValue>10</CashValue>
      <Quantity>40</Quantity>
      <Distance>Near</Distance>
      <Delay>6000</Delay>
      <ApplyDelayEvery>10</ApplyDelayEvery>
      <SwitchEvery>10</SwitchEvery>
    </Wave>
    <Wave>
      <StartingTime>80000</StartingTime>
      <Enemies>
        <EnemyType>Centaur</EnemyType>
      </Enemies>
      <SpeedLevel>5</SpeedLevel>
      <LivesLevel>5</LivesLevel>
      <CashValue>50</CashValue>
      <Quantity>40</Quantity>
      <Distance>Near</Distance>
      <Delay>5000</Delay>
      <ApplyDelayEvery>10</ApplyDelayEvery>
      <SwitchEvery>10</SwitchEvery>
    </Wave>
    <Wave>
      <StartingTime>100000</StartingTime>
      <Enemies>
        <EnemyType>Asteroid</EnemyType>
        <EnemyType>Plutoid</EnemyType>
      </Enemies>
      <SpeedLevel>6</SpeedLevel>
      <LivesLevel>6</LivesLevel>
      <CashValue>15</CashValue>
      <Quantity>80</Quantity>
      <Distance>Normal</Distance>
      <Delay>2000</Delay>
      <ApplyDelayEvery>26</ApplyDelayEvery>
      <SwitchEvery>26</SwitchEvery>
    </Wave>
  </Waves>
  <Player>
    <Money>500</Money>
    <Lives>3</Lives>
  </Player>
  <AvailableTurrets>
    <TurretType>Missile</TurretType>
    <TurretType>Basic</TurretType>
  </AvailableTurrets>
  <AvailablePowerUps />
  <Minerals>
    <Cash>0</Cash>
    <LifePacks>0</LifePacks>
  </Minerals>
  <HelpTexts />
</Level>