<?xml version="1.0"?>
<Level xmlns:xsi="http://www.w3.org/2001/XMLSchema-instance" xmlns:xsd="http://www.w3.org/2001/XMLSchema">
  <Infos>
    <Id>6</Id>
    <Background>background9</Background>
  </Infos>
  <Objective>
    <CelestialBodyToProtect>-1</CelestialBodyToProtect>
  </Objective>
  <PlanetarySystem>
    <CelestialBody xsi:type="AsteroidBeltCBDescriptor">
      <Images>
        <string>Asteroid</string>
        <string>Centaur</string>
      </Images>
    </CelestialBody>
    <CelestialBody xsi:type="PlanetCBDescriptor">
      <Name>Planete1877987916</Name>
      <Images />
      <Image>planete7</Image>
      <HasGravitationalTurret>true</HasGravitationalTurret>
      <StartingTurrets />
      <Size>Big</Size>
      <Speed>240000</Speed>
      <PathPriority>-1</PathPriority>
      <Path>
        <X>-44.0862541</X>
        <Y>-38.9220734</Y>
        <Z>0</Z>
      </Path>
      <Position>
        <X>-349.997681</X>
        <Y>99.67047</Y>
        <Z>0</Z>
      </Position>
      <Rotation>320</Rotation>
      <InBackground>false</InBackground>
      <CanSelect>true</CanSelect>
      <Invincible>false</Invincible>
      <StartingPosition>0</StartingPosition>
    </CelestialBody>
    <CelestialBody xsi:type="PlanetCBDescriptor">
      <Name>Planete1371001726</Name>
      <Images />
      <Image>vaisseauAlien1</Image>
      <HasGravitationalTurret>true</HasGravitationalTurret>
      <StartingTurrets />
      <Size>Big</Size>
      <Speed>1200000</Speed>
      <PathPriority>-4</PathPriority>
      <Path>
        <X>81.65122</X>
        <Y>48.77146</Y>
        <Z>0</Z>
      </Path>
      <Position>
        <X>39.1768875</X>
        <Y>207.85199</Y>
        <Z>0</Z>
      </Position>
      <Rotation>-0.04189342</Rotation>
      <InBackground>false</InBackground>
      <CanSelect>true</CanSelect>
      <Invincible>false</Invincible>
      <StartingPosition>0</StartingPosition>
    </CelestialBody>
    <CelestialBody xsi:type="PlanetCBDescriptor">
      <Name>Planete1498120507</Name>
      <Images />
      <Image>planete6</Image>
      <HasGravitationalTurret>true</HasGravitationalTurret>
      <StartingTurrets />
      <Size>Normal</Size>
      <Speed>360000</Speed>
      <PathPriority>-3</PathPriority>
      <Path>
        <X>-26.38966</X>
        <Y>23.7375946</Y>
        <Z>0</Z>
      </Path>
      <Position>
        <X>37.8291779</X>
        <Y>-88.1154251</Y>
        <Z>0</Z>
      </Position>
      <Rotation>2.59375453</Rotation>
      <InBackground>false</InBackground>
      <CanSelect>true</CanSelect>
      <Invincible>false</Invincible>
      <StartingPosition>0</StartingPosition>
    </CelestialBody>
  </PlanetarySystem>
  <Waves>
    <Wave>
      <StartingTime>30000</StartingTime>
      <Enemies>
        <EnemyType>Asteroid</EnemyType>
      </Enemies>
      <SpeedLevel>1</SpeedLevel>
      <LivesLevel>1</LivesLevel>
      <CashValue>20</CashValue>
      <Quantity>20</Quantity>
      <Distance>Near</Distance>
      <Delay>3000</Delay>
      <ApplyDelayEvery>10</ApplyDelayEvery>
      <SwitchEvery>10</SwitchEvery>
    </Wave>
    <Wave>
      <StartingTime>40000</StartingTime>
      <Enemies>
        <EnemyType>Centaur</EnemyType>
      </Enemies>
      <SpeedLevel>1</SpeedLevel>
      <LivesLevel>1</LivesLevel>
      <CashValue>10</CashValue>
      <Quantity>40</Quantity>
      <Distance>Near</Distance>
      <Delay>6000</Delay>
      <ApplyDelayEvery>10</ApplyDelayEvery>
      <SwitchEvery>10</SwitchEvery>
    </Wave>
  </Waves>
  <Player>
    <Money>200</Money>
    <Lives>3</Lives>
  </Player>
  <AvailableTurrets>
    <TurretType>Missile</TurretType>
  </AvailableTurrets>
  <AvailablePowerUps />
  <Minerals>
    <Cash>0</Cash>
    <LifePacks>0</LifePacks>
  </Minerals>
  <HelpTexts />
</Level>