<?xml version="1.0"?>
<Level xmlns:xsi="http://www.w3.org/2001/XMLSchema-instance" xmlns:xsd="http://www.w3.org/2001/XMLSchema">
  <Infos>
    <Id>11</Id>
    <Background>background1</Background>
  </Infos>
  <Objective>
    <CelestialBodyToProtect>12</CelestialBodyToProtect>
  </Objective>
  <PlanetarySystem>
    <CelestialBody xsi:type="AsteroidBeltCBDescriptor">
      <Name>Asteroid belt</Name>
      <Images>
        <string>Asteroid</string>
        <string>Plutoid</string>
      </Images>
    </CelestialBody>
    <CelestialBody xsi:type="PlanetCBDescriptor">
      <Name>Planete2023636316</Name>
      <Images />
      <Image>stationSpatiale1</Image>
      <HasGravitationalTurret>false</HasGravitationalTurret>
      <StartingTurrets />
      <Size>Normal</Size>
      <Speed>-2.14748365E+09</Speed>
      <PathPriority>11</PathPriority>
      <Path>
        <X>0</X>
        <Y>0</Y>
        <Z>0</Z>
      </Path>
      <Position>
        <X>146.556992</X>
        <Y>177.100174</Y>
        <Z>0</Z>
      </Position>
      <Rotation>0</Rotation>
      <InBackground>false</InBackground>
      <CanSelect>true</CanSelect>
      <Invincible>false</Invincible>
      <StartingPosition>0</StartingPosition>
      <FollowPath>false</FollowPath>
      <HasMoons>true</HasMoons>
      <StraightLine>false</StraightLine>
    </CelestialBody>
    <CelestialBody xsi:type="PlanetCBDescriptor">
      <Name>Planete1195138324</Name>
      <Images />
      <Image>vaisseauAlien1</Image>
      <HasGravitationalTurret>true</HasGravitationalTurret>
      <StartingTurrets />
      <Size>Big</Size>
      <Speed>10000</Speed>
      <PathPriority>-2</PathPriority>
      <Path>
        <X>67.60207</X>
        <Y>-146.091339</Y>
        <Z>0</Z>
      </Path>
      <Position>
        <X>-456.4552</X>
        <Y>87.80301</Y>
        <Z>0</Z>
      </Position>
      <Rotation>0</Rotation>
      <InBackground>false</InBackground>
      <CanSelect>true</CanSelect>
      <Invincible>false</Invincible>
      <StartingPosition>0</StartingPosition>
      <FollowPath>false</FollowPath>
      <HasMoons>false</HasMoons>
      <StraightLine>false</StraightLine>
    </CelestialBody>
    <CelestialBody xsi:type="PlanetCBDescriptor">
      <Name>Planete898041910</Name>
      <Images />
      <Image>planete7</Image>
      <HasGravitationalTurret>true</HasGravitationalTurret>
      <StartingTurrets />
      <Size>Big</Size>
      <Speed>10000</Speed>
      <PathPriority>12</PathPriority>
      <Path>
        <X>185.024673</X>
        <Y>-68.47633</Y>
        <Z>0</Z>
      </Path>
      <Position>
        <X>180.325882</X>
        <Y>-101.3403</Y>
        <Z>0</Z>
      </Position>
      <Rotation>0</Rotation>
      <InBackground>false</InBackground>
      <CanSelect>true</CanSelect>
      <Invincible>false</Invincible>
      <StartingPosition>0</StartingPosition>
      <FollowPath>false</FollowPath>
      <HasMoons>true</HasMoons>
      <StraightLine>false</StraightLine>
    </CelestialBody>
    <CelestialBody xsi:type="PlanetCBDescriptor">
      <Name>Planete566655369</Name>
      <Images />
      <Image>stationSpatiale2</Image>
      <HasGravitationalTurret>false</HasGravitationalTurret>
      <StartingTurrets />
      <Size>Normal</Size>
      <Speed>-2.14748365E+09</Speed>
      <PathPriority>10</PathPriority>
      <Path>
        <X>0</X>
        <Y>0</Y>
        <Z>0</Z>
      </Path>
      <Position>
        <X>-217.069</X>
        <Y>-173.513992</Y>
        <Z>0</Z>
      </Position>
      <Rotation>0</Rotation>
      <InBackground>false</InBackground>
      <CanSelect>true</CanSelect>
      <Invincible>false</Invincible>
      <StartingPosition>0</StartingPosition>
      <FollowPath>false</FollowPath>
      <HasMoons>true</HasMoons>
      <StraightLine>false</StraightLine>
    </CelestialBody>
  </PlanetarySystem>
  <Waves>
    <Wave>
      <StartingTime>20000</StartingTime>
      <Enemies>
        <EnemyType>Asteroid</EnemyType>
      </Enemies>
      <SpeedLevel>1</SpeedLevel>
      <LivesLevel>1</LivesLevel>
      <CashValue>50</CashValue>
      <Quantity>30</Quantity>
      <Distance>Near</Distance>
      <Delay>0</Delay>
      <ApplyDelayEvery>0</ApplyDelayEvery>
      <SwitchEvery>5</SwitchEvery>
    </Wave>
    <Wave>
      <StartingTime>30000</StartingTime>
      <Enemies>
        <EnemyType>Plutoid</EnemyType>
      </Enemies>
      <SpeedLevel>3</SpeedLevel>
      <LivesLevel>3</LivesLevel>
      <CashValue>100</CashValue>
      <Quantity>5</Quantity>
      <Distance>Far</Distance>
      <Delay>5000</Delay>
      <ApplyDelayEvery>5000</ApplyDelayEvery>
      <SwitchEvery>0</SwitchEvery>
    </Wave>
  </Waves>
  <Player>
    <Money>1000</Money>
    <Lives>3</Lives>
  </Player>
  <AvailableTurrets>
    <TurretType>Gravitational</TurretType>
  </AvailableTurrets>
  <AvailablePowerUps />
  <Minerals>
    <Cash>0</Cash>
    <LifePacks>0</LifePacks>
  </Minerals>
  <HelpText>Dead enemies give money!</HelpText>
</Level>