﻿<?xml version="1.0"?>
<World xmlns:xsi="http://www.w3.org/2001/XMLSchema-instance" xmlns:xsd="http://www.w3.org/2001/XMLSchema">
  <Id>1</Id>
  <Author>j0d1</Author>
  <Name>The colonies</Name>
  <Levels>
    <Level>48</Level>
    <Level>49</Level>
    <Level>11</Level>
    <Level>53</Level>
    <Level>2</Level>
    <Level>52</Level>
    <Level>54</Level>
    <Level>12</Level>
    <Level>3</Level>
    <Level>4</Level>
    <Level>5</Level>
    <Level>51</Level>
    <Level>6</Level>
    <Level>7</Level>
    <Level>8</Level>
    <Level>9</Level>
    <Level>10</Level>
    <Level>13</Level>
    <Level>14</Level>
    <Level>15</Level>
    <Level>50</Level>
  </Levels>
  <Warps>
    <World>2</World>
  </Warps>
  <Music>Galaxy1Music</Music>
  <MusicEnd>Galaxy1EndMusic</MusicEnd>
  <SfxEnd>Galaxy1EndSfx</SfxEnd>
</World>